exp,cond,mu,ctrl,run,ss_anr,min_anr,t_-5dB,t_-10dB,t_-15dB,t_-20dB
main,E1_chaotic,0.05,RFF-NLMS,0,-14.482843399047852,-15.023405075073242,2089,5104,19488,-1
main,E1_chaotic,0.05,RFF-NLMS,1,-13.338912963867188,-13.74662971496582,2387,6657,-1,-1
main,E1_chaotic,0.05,RFF-NLMS,2,-13.44616985321045,-13.964698791503906,2421,6171,-1,-1
main,E1_chaotic,0.05,RFF-NLMS,3,-14.105142593383789,-14.556079864501953,2274,5016,-1,-1
main,E1_chaotic,0.05,RFF-NLMS,4,-13.793272018432617,-14.492841720581055,2445,6204,-1,-1
main,E1_chaotic,0.05,RFF-NLMS,5,-14.16443920135498,-14.63150691986084,2432,5696,-1,-1
main,E1_chaotic,0.05,RFF-NLMS,6,-12.783486366271973,-13.336984634399414,3002,7390,-1,-1
main,E1_chaotic,0.05,RFF-NLMS,7,-12.94665813446045,-13.311397552490234,2480,6889,-1,-1
main,E1_chaotic,0.05,RFF-NLMS,8,-12.61772346496582,-12.997775077819824,2826,7810,-1,-1
main,E1_chaotic,0.05,RFF-NLMS,9,-13.90091609954834,-14.30801010131836,2627,6078,-1,-1
main,E1_chaotic,0.05,RFF-NLMS,10,-13.941340446472168,-14.334100723266602,2464,5842,-1,-1
main,E1_chaotic,0.05,RFF-NLMS,11,-13.798906326293945,-14.234838485717773,2281,6070,-1,-1
main,E1_chaotic,0.05,RFF-NLMS,12,-14.135372161865234,-14.386701583862305,2139,5012,-1,-1
main,E1_chaotic,0.05,RFF-NLMS,13,-13.56335735321045,-13.957489967346191,2529,6105,-1,-1
main,E1_chaotic,0.05,RFF-NLMS,14,-13.512993812561035,-13.775468826293945,2510,6367,-1,-1
main,E1_chaotic,0.05,RFF-NLMS,15,-12.939748764038086,-13.445768356323242,2572,6631,-1,-1
main,E1_chaotic,0.05,RFF-NLMS,16,-13.057040214538574,-13.455375671386719,2614,6691,-1,-1
main,E1_chaotic,0.05,RFF-NLMS,17,-12.621726989746094,-13.062922477722168,2694,7908,-1,-1
main,E1_chaotic,0.05,RFF-NLMS,18,-13.66239070892334,-14.206780433654785,2181,5770,-1,-1
main,E1_chaotic,0.05,RFF-NLMS,19,-13.53641414642334,-14.036928176879883,2510,6390,-1,-1
main,E1_chaotic,0.05,RFF-MCC,0,-14.402735710144043,-14.958813667297363,2470,5588,-1,-1
main,E1_chaotic,0.05,RFF-MCC,1,-13.226706504821777,-13.64006233215332,2824,7696,-1,-1
main,E1_chaotic,0.05,RFF-MCC,2,-13.317732810974121,-13.862688064575195,2777,6872,-1,-1
main,E1_chaotic,0.05,RFF-MCC,3,-14.02938461303711,-14.501049995422363,2637,5416,-1,-1
main,E1_chaotic,0.05,RFF-MCC,4,-13.699774742126465,-14.408330917358398,2724,6958,-1,-1
main,E1_chaotic,0.05,RFF-MCC,5,-14.08073616027832,-14.569989204406738,2821,6483,-1,-1
main,E1_chaotic,0.05,RFF-MCC,6,-12.623584747314453,-13.206111907958984,3405,8398,-1,-1
main,E1_chaotic,0.05,RFF-MCC,7,-12.802312850952148,-13.189263343811035,2881,7592,-1,-1
main,E1_chaotic,0.05,RFF-MCC,8,-12.455787658691406,-12.838752746582031,3142,8868,-1,-1
main,E1_chaotic,0.05,RFF-MCC,9,-13.767066955566406,-14.193108558654785,3046,6963,-1,-1
main,E1_chaotic,0.05,RFF-MCC,10,-13.831583976745605,-14.254061698913574,2897,6338,-1,-1
main,E1_chaotic,0.05,RFF-MCC,11,-13.693557739257812,-14.139384269714355,2721,6910,-1,-1
main,E1_chaotic,0.05,RFF-MCC,12,-14.048531532287598,-14.298799514770508,2422,5570,-1,-1
main,E1_chaotic,0.05,RFF-MCC,13,-13.452259063720703,-13.849052429199219,2930,6733,-1,-1
main,E1_chaotic,0.05,RFF-MCC,14,-13.402331352233887,-13.673641204833984,2756,6946,-1,-1
main,E1_chaotic,0.05,RFF-MCC,15,-12.831612586975098,-13.34067440032959,2975,7339,-1,-1
main,E1_chaotic,0.05,RFF-MCC,16,-12.928518295288086,-13.347105979919434,2965,7291,-1,-1
main,E1_chaotic,0.05,RFF-MCC,17,-12.471834182739258,-12.936909675598145,3073,8969,-1,-1
main,E1_chaotic,0.05,RFF-MCC,18,-13.545562744140625,-14.113441467285156,2529,6372,-1,-1
main,E1_chaotic,0.05,RFF-MCC,19,-13.427783012390137,-13.951391220092773,2919,7090,-1,-1
main,E1_chaotic,0.05,RFF-MCC-180,0,-9.548554420471191,-9.850041389465332,3060,-1,-1,-1
main,E1_chaotic,0.05,RFF-MCC-180,1,-8.795027732849121,-9.193683624267578,3703,-1,-1,-1
main,E1_chaotic,0.05,RFF-MCC-180,2,-9.188971519470215,-9.60921573638916,3137,-1,-1,-1
main,E1_chaotic,0.05,RFF-MCC-180,3,-9.790066719055176,-10.212728500366211,2978,18819,-1,-1
main,E1_chaotic,0.05,RFF-MCC-180,4,-10.155862808227539,-10.680580139160156,2776,14435,-1,-1
main,E1_chaotic,0.05,RFF-MCC-180,5,-9.122819900512695,-9.632633209228516,3263,-1,-1,-1
main,E1_chaotic,0.05,RFF-MCC-180,6,-8.289263725280762,-8.757862091064453,4172,-1,-1,-1
main,E1_chaotic,0.05,RFF-MCC-180,7,-9.234506607055664,-9.505780220031738,3070,-1,-1,-1
main,E1_chaotic,0.05,RFF-MCC-180,8,-8.260416030883789,-8.558160781860352,4511,-1,-1,-1
main,E1_chaotic,0.05,RFF-MCC-180,9,-9.136908531188965,-9.454421043395996,3858,-1,-1,-1
main,E1_chaotic,0.05,RFF-MCC-180,10,-9.266737937927246,-9.50259780883789,3514,-1,-1,-1
main,E1_chaotic,0.05,RFF-MCC-180,11,-9.679698944091797,-10.025420188903809,3173,19836,-1,-1
main,E1_chaotic,0.05,RFF-MCC-180,12,-9.30921745300293,-9.498852729797363,3014,-1,-1,-1
main,E1_chaotic,0.05,RFF-MCC-180,13,-7.881122589111328,-8.135576248168945,4342,-1,-1,-1
main,E1_chaotic,0.05,RFF-MCC-180,14,-9.489974021911621,-9.736946105957031,3434,-1,-1,-1
main,E1_chaotic,0.05,RFF-MCC-180,15,-8.649812698364258,-9.043490409851074,3952,-1,-1,-1
main,E1_chaotic,0.05,RFF-MCC-180,16,-8.931846618652344,-9.254015922546387,3320,-1,-1,-1
main,E1_chaotic,0.05,RFF-MCC-180,17,-9.096206665039062,-9.462620735168457,3376,-1,-1,-1
main,E1_chaotic,0.05,RFF-MCC-180,18,-10.392081260681152,-10.861617088317871,2486,11848,-1,-1
main,E1_chaotic,0.05,RFF-MCC-180,19,-9.955585479736328,-10.59202766418457,2889,17618,-1,-1
main,E1_chaotic,0.05,NKP-RFF-MCC,0,-10.458832740783691,-10.819565773010254,2626,10656,-1,-1
main,E1_chaotic,0.05,NKP-RFF-MCC,1,-9.583895683288574,-9.923579216003418,2977,-1,-1,-1
main,E1_chaotic,0.05,NKP-RFF-MCC,2,-9.506417274475098,-10.010123252868652,2286,19184,-1,-1
main,E1_chaotic,0.05,NKP-RFF-MCC,3,-10.047541618347168,-10.623514175415039,2235,12953,-1,-1
main,E1_chaotic,0.05,NKP-RFF-MCC,4,-9.207620620727539,-9.693780899047852,2390,-1,-1,-1
main,E1_chaotic,0.05,NKP-RFF-MCC,5,-9.661370277404785,-10.231402397155762,2744,18678,-1,-1
main,E1_chaotic,0.05,NKP-RFF-MCC,6,-8.421407699584961,-8.84691047668457,2899,-1,-1,-1
main,E1_chaotic,0.05,NKP-RFF-MCC,7,-8.942170143127441,-9.243596076965332,2893,-1,-1,-1
main,E1_chaotic,0.05,NKP-RFF-MCC,8,-9.304563522338867,-9.696917533874512,2493,-1,-1,-1
main,E1_chaotic,0.05,NKP-RFF-MCC,9,-10.345696449279785,-10.785083770751953,2966,12618,-1,-1
main,E1_chaotic,0.05,NKP-RFF-MCC,10,-10.025199890136719,-10.4060640335083,2548,16905,-1,-1
main,E1_chaotic,0.05,NKP-RFF-MCC,11,-9.620174407958984,-10.00734806060791,3190,18514,-1,-1
main,E1_chaotic,0.05,NKP-RFF-MCC,12,-9.8583402633667,-10.218786239624023,2134,17452,-1,-1
main,E1_chaotic,0.05,NKP-RFF-MCC,13,-9.091229438781738,-9.520437240600586,2938,-1,-1,-1
main,E1_chaotic,0.05,NKP-RFF-MCC,14,-9.748669624328613,-9.998366355895996,2145,-1,-1,-1
main,E1_chaotic,0.05,NKP-RFF-MCC,15,-9.634618759155273,-10.169258117675781,2549,18296,-1,-1
main,E1_chaotic,0.05,NKP-RFF-MCC,16,-8.855576515197754,-9.07620620727539,3404,-1,-1,-1
main,E1_chaotic,0.05,NKP-RFF-MCC,17,-9.01387882232666,-9.344725608825684,3139,-1,-1,-1
main,E1_chaotic,0.05,NKP-RFF-MCC,18,-10.243511199951172,-10.688673973083496,1885,13687,-1,-1
main,E1_chaotic,0.05,NKP-RFF-MCC,19,-9.69334888458252,-10.355293273925781,2726,19120,-1,-1
main,E1_chaotic,0.1,RFF-NLMS,0,-14.158489227294922,-14.689549446105957,1484,3933,-1,-1
main,E1_chaotic,0.1,RFF-NLMS,1,-13.750822067260742,-14.223618507385254,1385,4256,-1,-1
main,E1_chaotic,0.1,RFF-NLMS,2,-13.281335830688477,-13.631312370300293,1693,4462,-1,-1
main,E1_chaotic,0.1,RFF-NLMS,3,-13.635479927062988,-14.085240364074707,1599,4225,-1,-1
main,E1_chaotic,0.1,RFF-NLMS,4,-14.3214750289917,-14.713296890258789,1499,4041,-1,-1
main,E1_chaotic,0.1,RFF-NLMS,5,-14.803159713745117,-15.242880821228027,1325,3475,14759,-1
main,E1_chaotic,0.1,RFF-NLMS,6,-14.151692390441895,-14.632482528686523,1320,3732,-1,-1
main,E1_chaotic,0.1,RFF-NLMS,7,-13.780006408691406,-14.165529251098633,1502,3768,-1,-1
main,E1_chaotic,0.1,RFF-NLMS,8,-14.178401947021484,-14.711548805236816,1573,4123,-1,-1
main,E1_chaotic,0.1,RFF-NLMS,9,-14.5186185836792,-14.970335960388184,1314,3724,-1,-1
main,E1_chaotic,0.1,RFF-NLMS,10,-14.119728088378906,-14.441933631896973,1389,3487,-1,-1
main,E1_chaotic,0.1,RFF-NLMS,11,-14.573053359985352,-14.812529563903809,1326,3701,-1,-1
main,E1_chaotic,0.1,RFF-NLMS,12,-14.841331481933594,-15.339186668395996,1318,3403,17596,-1
main,E1_chaotic,0.1,RFF-NLMS,13,-14.342193603515625,-14.606825828552246,1358,3415,-1,-1
main,E1_chaotic,0.1,RFF-NLMS,14,-14.562865257263184,-14.978857040405273,1304,3513,-1,-1
main,E1_chaotic,0.1,RFF-NLMS,15,-13.403342247009277,-13.914678573608398,1613,4238,-1,-1
main,E1_chaotic,0.1,RFF-NLMS,16,-14.194916725158691,-14.558387756347656,1313,3493,-1,-1
main,E1_chaotic,0.1,RFF-NLMS,17,-14.226503372192383,-14.788064956665039,1452,4058,-1,-1
main,E1_chaotic,0.1,RFF-NLMS,18,-14.307326316833496,-14.798422813415527,1423,3560,-1,-1
main,E1_chaotic,0.1,RFF-NLMS,19,-14.200984001159668,-14.661293029785156,1436,3948,-1,-1
main,E1_chaotic,0.1,RFF-MCC,0,-14.112312316894531,-14.656608581542969,1660,4224,-1,-1
main,E1_chaotic,0.1,RFF-MCC,1,-13.695446968078613,-14.177717208862305,1609,4551,-1,-1
main,E1_chaotic,0.1,RFF-MCC,2,-13.240503311157227,-13.594038963317871,1965,4758,-1,-1
main,E1_chaotic,0.1,RFF-MCC,3,-13.584712028503418,-14.027342796325684,1875,4535,-1,-1
main,E1_chaotic,0.1,RFF-MCC,4,-14.26855754852295,-14.660321235656738,1722,4398,-1,-1
main,E1_chaotic,0.1,RFF-MCC,5,-14.759106636047363,-15.197632789611816,1596,3860,14828,-1
main,E1_chaotic,0.1,RFF-MCC,6,-14.111083984375,-14.591733932495117,1563,4020,-1,-1
main,E1_chaotic,0.1,RFF-MCC,7,-13.732925415039062,-14.116434097290039,1747,4134,-1,-1
main,E1_chaotic,0.1,RFF-MCC,8,-14.136434555053711,-14.670263290405273,1768,4368,-1,-1
main,E1_chaotic,0.1,RFF-MCC,9,-14.477134704589844,-14.941802024841309,1513,4037,-1,-1
main,E1_chaotic,0.1,RFF-MCC,10,-14.08279037475586,-14.409248352050781,1607,3965,-1,-1
main,E1_chaotic,0.1,RFF-MCC,11,-14.519609451293945,-14.760451316833496,1531,4008,-1,-1
main,E1_chaotic,0.1,RFF-MCC,12,-14.795485496520996,-15.300167083740234,1515,3694,18344,-1
main,E1_chaotic,0.1,RFF-MCC,13,-14.298722267150879,-14.555728912353516,1551,3738,-1,-1
main,E1_chaotic,0.1,RFF-MCC,14,-14.527847290039062,-14.948945045471191,1509,3798,-1,-1
main,E1_chaotic,0.1,RFF-MCC,15,-13.34522533416748,-13.865657806396484,1839,4871,-1,-1
main,E1_chaotic,0.1,RFF-MCC,16,-14.152607917785645,-14.513202667236328,1582,3939,-1,-1
main,E1_chaotic,0.1,RFF-MCC,17,-14.181780815124512,-14.746094703674316,1677,4481,-1,-1
main,E1_chaotic,0.1,RFF-MCC,18,-14.270562171936035,-14.768904685974121,1702,3923,-1,-1
main,E1_chaotic,0.1,RFF-MCC,19,-14.147363662719727,-14.612269401550293,1638,4230,-1,-1
main,E1_chaotic,0.1,RFF-MCC-180,0,-9.565767288208008,-9.926965713500977,1887,-1,-1,-1
main,E1_chaotic,0.1,RFF-MCC-180,1,-9.402911186218262,-9.94119930267334,2171,-1,-1,-1
main,E1_chaotic,0.1,RFF-MCC-180,2,-8.438858032226562,-8.708271980285645,2490,-1,-1,-1
main,E1_chaotic,0.1,RFF-MCC-180,3,-8.029670715332031,-8.358368873596191,2639,-1,-1,-1
main,E1_chaotic,0.1,RFF-MCC-180,4,-8.941119194030762,-9.295649528503418,1996,-1,-1,-1
main,E1_chaotic,0.1,RFF-MCC-180,5,-11.066521644592285,-11.596078872680664,1567,4878,-1,-1
main,E1_chaotic,0.1,RFF-MCC-180,6,-9.387014389038086,-9.799495697021484,1836,-1,-1,-1
main,E1_chaotic,0.1,RFF-MCC-180,7,-8.737431526184082,-9.093497276306152,2430,-1,-1,-1
main,E1_chaotic,0.1,RFF-MCC-180,8,-9.789865493774414,-10.061476707458496,1895,18601,-1,-1
main,E1_chaotic,0.1,RFF-MCC-180,9,-9.937601089477539,-10.28078556060791,1974,12907,-1,-1
main,E1_chaotic,0.1,RFF-MCC-180,10,-9.606149673461914,-9.924928665161133,1819,-1,-1,-1
main,E1_chaotic,0.1,RFF-MCC-180,11,-9.732437133789062,-10.141474723815918,1757,19552,-1,-1
main,E1_chaotic,0.1,RFF-MCC-180,12,-9.925243377685547,-10.309192657470703,1621,12390,-1,-1
main,E1_chaotic,0.1,RFF-MCC-180,13,-10.40346908569336,-10.801056861877441,1613,7473,-1,-1
main,E1_chaotic,0.1,RFF-MCC-180,14,-9.773728370666504,-10.202387809753418,1744,11777,-1,-1
main,E1_chaotic,0.1,RFF-MCC-180,15,-8.422335624694824,-8.876267433166504,2636,-1,-1,-1
main,E1_chaotic,0.1,RFF-MCC-180,16,-9.562682151794434,-9.929801940917969,1853,-1,-1,-1
main,E1_chaotic,0.1,RFF-MCC-180,17,-9.33836555480957,-9.773587226867676,2203,-1,-1,-1
main,E1_chaotic,0.1,RFF-MCC-180,18,-10.920615196228027,-11.18002700805664,1543,5960,-1,-1
main,E1_chaotic,0.1,RFF-MCC-180,19,-8.487810134887695,-9.110329627990723,2533,-1,-1,-1
main,E1_chaotic,0.1,NKP-RFF-MCC,0,-10.084638595581055,-10.435643196105957,1746,13545,-1,-1
main,E1_chaotic,0.1,NKP-RFF-MCC,1,-9.103067398071289,-9.40420913696289,1491,-1,-1,-1
main,E1_chaotic,0.1,NKP-RFF-MCC,2,-9.679798126220703,-10.074792861938477,1578,19277,-1,-1
main,E1_chaotic,0.1,NKP-RFF-MCC,3,-9.664595603942871,-9.931319236755371,2285,-1,-1,-1
main,E1_chaotic,0.1,NKP-RFF-MCC,4,-9.752565383911133,-10.128904342651367,1884,17791,-1,-1
main,E1_chaotic,0.1,NKP-RFF-MCC,5,-10.149524688720703,-10.533432006835938,1616,12290,-1,-1
main,E1_chaotic,0.1,NKP-RFF-MCC,6,-10.279688835144043,-10.651846885681152,1704,11970,-1,-1
main,E1_chaotic,0.1,NKP-RFF-MCC,7,-9.517759323120117,-10.025465965270996,1819,19171,-1,-1
main,E1_chaotic,0.1,NKP-RFF-MCC,8,-9.703200340270996,-10.120645523071289,1951,18428,-1,-1
main,E1_chaotic,0.1,NKP-RFF-MCC,9,-9.92137622833252,-10.298810958862305,1929,13606,-1,-1
main,E1_chaotic,0.1,NKP-RFF-MCC,10,-9.509672164916992,-9.91401195526123,2141,-1,-1,-1
main,E1_chaotic,0.1,NKP-RFF-MCC,11,-10.179931640625,-10.55583667755127,1432,13721,-1,-1
main,E1_chaotic,0.1,NKP-RFF-MCC,12,-10.928182601928711,-11.314180374145508,1530,9603,-1,-1
main,E1_chaotic,0.1,NKP-RFF-MCC,13,-10.17924976348877,-10.57051944732666,1300,14089,-1,-1
main,E1_chaotic,0.1,NKP-RFF-MCC,14,-10.647520065307617,-10.938182830810547,1237,9952,-1,-1
main,E1_chaotic,0.1,NKP-RFF-MCC,15,-9.493965148925781,-9.935715675354004,1810,-1,-1,-1
main,E1_chaotic,0.1,NKP-RFF-MCC,16,-10.324790000915527,-10.709270477294922,1450,14477,-1,-1
main,E1_chaotic,0.1,NKP-RFF-MCC,17,-9.923884391784668,-10.254999160766602,1682,16074,-1,-1
main,E1_chaotic,0.1,NKP-RFF-MCC,18,-10.033163070678711,-10.34197998046875,1515,14841,-1,-1
main,E1_chaotic,0.1,NKP-RFF-MCC,19,-9.709067344665527,-10.02451229095459,1657,16942,-1,-1
main,E1_chaotic,0.2,RFF-NLMS,0,-14.585619926452637,-14.979872703552246,830,2400,-1,-1
main,E1_chaotic,0.2,RFF-NLMS,1,-14.222037315368652,-14.662895202636719,841,2525,-1,-1
main,E1_chaotic,0.2,RFF-NLMS,2,-14.960614204406738,-15.412667274475098,807,2497,15063,-1
main,E1_chaotic,0.2,RFF-NLMS,3,-15.035004615783691,-15.530277252197266,784,2050,13562,-1
main,E1_chaotic,0.2,RFF-NLMS,4,-14.638346672058105,-14.873315811157227,756,2437,-1,-1
main,E1_chaotic,0.2,RFF-NLMS,5,-14.637866020202637,-15.111272811889648,857,2486,19332,-1
main,E1_chaotic,0.2,RFF-NLMS,6,-14.916390419006348,-15.214766502380371,686,2298,15352,-1
main,E1_chaotic,0.2,RFF-NLMS,7,-14.719633102416992,-15.114676475524902,811,2134,11734,-1
main,E1_chaotic,0.2,RFF-NLMS,8,-15.116727828979492,-15.494590759277344,783,2295,12020,-1
main,E1_chaotic,0.2,RFF-NLMS,9,-14.736668586730957,-15.165042877197266,829,2428,18079,-1
main,E1_chaotic,0.2,RFF-NLMS,10,-14.419872283935547,-14.72415542602539,883,2456,-1,-1
main,E1_chaotic,0.2,RFF-NLMS,11,-14.773900032043457,-15.16392993927002,777,2351,11346,-1
main,E1_chaotic,0.2,RFF-NLMS,12,-15.047739028930664,-15.37546157836914,753,2501,15345,-1
main,E1_chaotic,0.2,RFF-NLMS,13,-14.718690872192383,-15.240483283996582,757,2134,19552,-1
main,E1_chaotic,0.2,RFF-NLMS,14,-15.017683982849121,-15.261178970336914,844,2161,15128,-1
main,E1_chaotic,0.2,RFF-NLMS,15,-14.389679908752441,-14.924151420593262,780,2387,-1,-1
main,E1_chaotic,0.2,RFF-NLMS,16,-14.362104415893555,-14.92905044555664,847,2861,-1,-1
main,E1_chaotic,0.2,RFF-NLMS,17,-14.507843971252441,-14.865636825561523,834,2553,-1,-1
main,E1_chaotic,0.2,RFF-NLMS,18,-14.861509323120117,-15.210017204284668,784,2138,12653,-1
main,E1_chaotic,0.2,RFF-NLMS,19,-13.714469909667969,-14.11336612701416,888,2961,-1,-1
main,E1_chaotic,0.2,RFF-MCC,0,-14.567424774169922,-14.967266082763672,1014,2569,-1,-1
main,E1_chaotic,0.2,RFF-MCC,1,-14.205680847167969,-14.636549949645996,972,2796,-1,-1
main,E1_chaotic,0.2,RFF-MCC,2,-14.941575050354004,-15.394219398498535,937,2812,15082,-1
main,E1_chaotic,0.2,RFF-MCC,3,-15.02727222442627,-15.518838882446289,883,2193,13568,-1
main,E1_chaotic,0.2,RFF-MCC,4,-14.618306159973145,-14.851595878601074,922,2589,-1,-1
main,E1_chaotic,0.2,RFF-MCC,5,-14.621631622314453,-15.098151206970215,1012,2700,19652,-1
main,E1_chaotic,0.2,RFF-MCC,6,-14.906915664672852,-15.19584846496582,833,2533,15356,-1
main,E1_chaotic,0.2,RFF-MCC,7,-14.715459823608398,-15.101533889770508,974,2350,11735,-1
main,E1_chaotic,0.2,RFF-MCC,8,-15.098899841308594,-15.466680526733398,926,2477,12042,-1
main,E1_chaotic,0.2,RFF-MCC,9,-14.725299835205078,-15.155550003051758,977,2641,18081,-1
main,E1_chaotic,0.2,RFF-MCC,10,-14.39897632598877,-14.705182075500488,1065,2665,-1,-1
main,E1_chaotic,0.2,RFF-MCC,11,-14.76582145690918,-15.157465934753418,915,2554,18687,-1
main,E1_chaotic,0.2,RFF-MCC,12,-15.035625457763672,-15.368054389953613,891,2668,15407,-1
main,E1_chaotic,0.2,RFF-MCC,13,-14.71052360534668,-15.236544609069824,884,2316,19559,-1
main,E1_chaotic,0.2,RFF-MCC,14,-15.006752967834473,-15.248923301696777,968,2317,15129,-1
main,E1_chaotic,0.2,RFF-MCC,15,-14.368553161621094,-14.899964332580566,939,2694,-1,-1
main,E1_chaotic,0.2,RFF-MCC,16,-14.345590591430664,-14.915903091430664,1012,3110,-1,-1
main,E1_chaotic,0.2,RFF-MCC,17,-14.490509033203125,-14.845986366271973,1002,2759,-1,-1
main,E1_chaotic,0.2,RFF-MCC,18,-14.851765632629395,-15.197669982910156,917,2317,12744,-1
main,E1_chaotic,0.2,RFF-MCC,19,-13.695175170898438,-14.100157737731934,1068,3152,-1,-1
main,E1_chaotic,0.2,RFF-MCC-180,0,-9.482011795043945,-10.049381256103516,1140,19910,-1,-1
main,E1_chaotic,0.2,RFF-MCC-180,1,-9.208563804626465,-9.633925437927246,1195,-1,-1,-1
main,E1_chaotic,0.2,RFF-MCC-180,2,-10.198365211486816,-10.633277893066406,1282,7002,-1,-1
main,E1_chaotic,0.2,RFF-MCC-180,3,-10.318958282470703,-10.698092460632324,946,4978,-1,-1
main,E1_chaotic,0.2,RFF-MCC-180,4,-9.437495231628418,-9.815720558166504,1067,-1,-1,-1
main,E1_chaotic,0.2,RFF-MCC-180,5,-10.224279403686523,-10.640022277832031,1100,6300,-1,-1
main,E1_chaotic,0.2,RFF-MCC-180,6,-9.862298011779785,-10.171051979064941,990,14212,-1,-1
main,E1_chaotic,0.2,RFF-MCC-180,7,-8.925081253051758,-9.650323867797852,1471,-1,-1,-1
main,E1_chaotic,0.2,RFF-MCC-180,8,-10.311810493469238,-10.686439514160156,1094,8130,-1,-1
main,E1_chaotic,0.2,RFF-MCC-180,9,-9.519243240356445,-9.910468101501465,1120,-1,-1,-1
main,E1_chaotic,0.2,RFF-MCC-180,10,-9.06436538696289,-9.469931602478027,1257,-1,-1,-1
main,E1_chaotic,0.2,RFF-MCC-180,11,-9.613078117370605,-9.884693145751953,1240,-1,-1,-1
main,E1_chaotic,0.2,RFF-MCC-180,12,-9.90480899810791,-10.18664264678955,1245,15942,-1,-1
main,E1_chaotic,0.2,RFF-MCC-180,13,-10.319225311279297,-10.615341186523438,991,4400,-1,-1
main,E1_chaotic,0.2,RFF-MCC-180,14,-9.617897987365723,-9.973414421081543,1117,-1,-1,-1
main,E1_chaotic,0.2,RFF-MCC-180,15,-9.568408966064453,-9.927781105041504,987,-1,-1,-1
main,E1_chaotic,0.2,RFF-MCC-180,16,-10.732109069824219,-11.228745460510254,910,5946,-1,-1
main,E1_chaotic,0.2,RFF-MCC-180,17,-9.8446626663208,-10.250091552734375,1075,7602,-1,-1
main,E1_chaotic,0.2,RFF-MCC-180,18,-9.748590469360352,-10.11666488647461,1248,12912,-1,-1
main,E1_chaotic,0.2,RFF-MCC-180,19,-7.990804672241211,-8.505603790283203,1912,-1,-1,-1
main,E1_chaotic,0.2,NKP-RFF-MCC,0,-9.758126258850098,-9.996946334838867,1187,-1,-1,-1
main,E1_chaotic,0.2,NKP-RFF-MCC,1,-9.600495338439941,-9.947171211242676,936,-1,-1,-1
main,E1_chaotic,0.2,NKP-RFF-MCC,2,-10.304540634155273,-10.843055725097656,901,14682,-1,-1
main,E1_chaotic,0.2,NKP-RFF-MCC,3,-10.849831581115723,-11.3048734664917,815,4767,-1,-1
main,E1_chaotic,0.2,NKP-RFF-MCC,4,-10.4766206741333,-10.74085521697998,929,10161,-1,-1
main,E1_chaotic,0.2,NKP-RFF-MCC,5,-10.176689147949219,-10.47445011138916,1082,10461,-1,-1
main,E1_chaotic,0.2,NKP-RFF-MCC,6,-10.823209762573242,-11.024805068969727,843,5316,-1,-1
main,E1_chaotic,0.2,NKP-RFF-MCC,7,-9.751935958862305,-10.280768394470215,1090,11594,-1,-1
main,E1_chaotic,0.2,NKP-RFF-MCC,8,-11.219630241394043,-11.603891372680664,1054,6995,-1,-1
main,E1_chaotic,0.2,NKP-RFF-MCC,9,-10.249855041503906,-10.602104187011719,1358,13005,-1,-1
main,E1_chaotic,0.2,NKP-RFF-MCC,10,-9.685709953308105,-9.990745544433594,1218,-1,-1,-1
main,E1_chaotic,0.2,NKP-RFF-MCC,11,-10.347140312194824,-10.801369667053223,926,7956,-1,-1
main,E1_chaotic,0.2,NKP-RFF-MCC,12,-10.151528358459473,-10.464560508728027,1136,12352,-1,-1
main,E1_chaotic,0.2,NKP-RFF-MCC,13,-10.394989013671875,-11.030117988586426,827,10031,-1,-1
main,E1_chaotic,0.2,NKP-RFF-MCC,14,-10.253859519958496,-10.593537330627441,1334,14382,-1,-1
main,E1_chaotic,0.2,NKP-RFF-MCC,15,-10.534971237182617,-10.880130767822266,1024,6976,-1,-1
main,E1_chaotic,0.2,NKP-RFF-MCC,16,-9.810632705688477,-10.214451789855957,1140,16285,-1,-1
main,E1_chaotic,0.2,NKP-RFF-MCC,17,-9.99145793914795,-10.323737144470215,1072,12948,-1,-1
main,E1_chaotic,0.2,NKP-RFF-MCC,18,-9.894120216369629,-10.257102012634277,1320,12266,-1,-1
main,E1_chaotic,0.2,NKP-RFF-MCC,19,-9.557619094848633,-9.975653648376465,1068,-1,-1,-1
main,E1_chaotic,0.4,RFF-NLMS,0,-14.966468811035156,-15.329472541809082,415,1365,14744,-1
main,E1_chaotic,0.4,RFF-NLMS,1,-13.824243545532227,-14.239100456237793,494,1871,-1,-1
main,E1_chaotic,0.4,RFF-NLMS,2,-14.347943305969238,-14.742693901062012,471,1560,-1,-1
main,E1_chaotic,0.4,RFF-NLMS,3,-13.766021728515625,-14.163010597229004,463,1747,-1,-1
main,E1_chaotic,0.4,RFF-NLMS,4,-13.980648040771484,-14.383814811706543,486,1549,-1,-1
main,E1_chaotic,0.4,RFF-NLMS,5,-14.295331001281738,-14.664016723632812,448,1584,-1,-1
main,E1_chaotic,0.4,RFF-NLMS,6,-14.478912353515625,-14.914664268493652,526,1529,-1,-1
main,E1_chaotic,0.4,RFF-NLMS,7,-14.161531448364258,-14.527055740356445,497,1884,-1,-1
main,E1_chaotic,0.4,RFF-NLMS,8,-14.485939025878906,-14.901838302612305,477,1665,-1,-1
main,E1_chaotic,0.4,RFF-NLMS,9,-14.51259708404541,-14.794025421142578,425,1521,-1,-1
main,E1_chaotic,0.4,RFF-NLMS,10,-14.918465614318848,-15.375744819641113,483,1568,14474,-1
main,E1_chaotic,0.4,RFF-NLMS,11,-13.790332794189453,-14.349417686462402,479,1806,-1,-1
main,E1_chaotic,0.4,RFF-NLMS,12,-14.42051887512207,-14.763025283813477,486,1844,-1,-1
main,E1_chaotic,0.4,RFF-NLMS,13,-14.070337295532227,-14.517382621765137,531,1898,-1,-1
main,E1_chaotic,0.4,RFF-NLMS,14,-14.211881637573242,-14.464578628540039,488,1928,-1,-1
main,E1_chaotic,0.4,RFF-NLMS,15,-14.667637825012207,-15.160944938659668,449,1282,18556,-1
main,E1_chaotic,0.4,RFF-NLMS,16,-14.093706130981445,-14.495767593383789,440,1608,-1,-1
main,E1_chaotic,0.4,RFF-NLMS,17,-14.823623657226562,-15.165326118469238,466,1473,14382,-1
main,E1_chaotic,0.4,RFF-NLMS,18,-14.829999923706055,-15.464335441589355,459,1483,17558,-1
main,E1_chaotic,0.4,RFF-NLMS,19,-14.382912635803223,-14.694862365722656,473,1859,-1,-1
main,E1_chaotic,0.4,RFF-MCC,0,-14.973583221435547,-15.33364200592041,499,1493,14762,-1
main,E1_chaotic,0.4,RFF-MCC,1,-13.84926986694336,-14.263970375061035,596,1944,-1,-1
main,E1_chaotic,0.4,RFF-MCC,2,-14.366962432861328,-14.765650749206543,540,1720,-1,-1
main,E1_chaotic,0.4,RFF-MCC,3,-13.786859512329102,-14.179701805114746,562,1977,-1,-1
main,E1_chaotic,0.4,RFF-MCC,4,-14.000059127807617,-14.40897274017334,566,1760,-1,-1
main,E1_chaotic,0.4,RFF-MCC,5,-14.319123268127441,-14.674209594726562,544,1757,-1,-1
main,E1_chaotic,0.4,RFF-MCC,6,-14.497396469116211,-14.920990943908691,619,1639,-1,-1
main,E1_chaotic,0.4,RFF-MCC,7,-14.173646926879883,-14.538256645202637,633,2039,-1,-1
main,E1_chaotic,0.4,RFF-MCC,8,-14.500619888305664,-14.91498851776123,584,1797,-1,-1
main,E1_chaotic,0.4,RFF-MCC,9,-14.52898120880127,-14.81077766418457,518,1688,-1,-1
main,E1_chaotic,0.4,RFF-MCC,10,-14.923259735107422,-15.379920959472656,582,1757,14464,-1
main,E1_chaotic,0.4,RFF-MCC,11,-13.813312530517578,-14.366927146911621,608,1967,-1,-1
main,E1_chaotic,0.4,RFF-MCC,12,-14.435367584228516,-14.778587341308594,604,1964,-1,-1
main,E1_chaotic,0.4,RFF-MCC,13,-14.083849906921387,-14.516619682312012,601,2043,-1,-1
main,E1_chaotic,0.4,RFF-MCC,14,-14.22930908203125,-14.484063148498535,596,2063,-1,-1
main,E1_chaotic,0.4,RFF-MCC,15,-14.682856559753418,-15.17859172821045,521,1467,18547,-1
main,E1_chaotic,0.4,RFF-MCC,16,-14.101919174194336,-14.496561050415039,548,1761,-1,-1
main,E1_chaotic,0.4,RFF-MCC,17,-14.833714485168457,-15.172772407531738,537,1558,14377,-1
main,E1_chaotic,0.4,RFF-MCC,18,-14.852044105529785,-15.48351001739502,542,1631,17485,-1
main,E1_chaotic,0.4,RFF-MCC,19,-14.394783020019531,-14.711474418640137,563,1939,-1,-1
main,E1_chaotic,0.4,RFF-MCC-180,0,-10.05742073059082,-10.503205299377441,676,10398,-1,-1
main,E1_chaotic,0.4,RFF-MCC-180,1,-7.244080543518066,-7.790698051452637,1067,-1,-1,-1
main,E1_chaotic,0.4,RFF-MCC-180,2,-8.351882934570312,-8.834214210510254,834,-1,-1,-1
main,E1_chaotic,0.4,RFF-MCC-180,3,-8.773943901062012,-9.463743209838867,861,-1,-1,-1
main,E1_chaotic,0.4,RFF-MCC-180,4,-8.333943367004395,-8.704826354980469,907,-1,-1,-1
main,E1_chaotic,0.4,RFF-MCC-180,5,-8.975679397583008,-9.316387176513672,722,-1,-1,-1
main,E1_chaotic,0.4,RFF-MCC-180,6,-8.553961753845215,-9.096735954284668,886,-1,-1,-1
main,E1_chaotic,0.4,RFF-MCC-180,7,-8.302433013916016,-8.595512390136719,1056,-1,-1,-1
main,E1_chaotic,0.4,RFF-MCC-180,8,-8.823097229003906,-9.21300983428955,964,-1,-1,-1
main,E1_chaotic,0.4,RFF-MCC-180,9,-9.030206680297852,-9.386189460754395,776,-1,-1,-1
main,E1_chaotic,0.4,RFF-MCC-180,10,-8.996687889099121,-9.372710227966309,746,-1,-1,-1
main,E1_chaotic,0.4,RFF-MCC-180,11,-9.603862762451172,-10.179891586303711,581,9093,-1,-1
main,E1_chaotic,0.4,RFF-MCC-180,12,-8.534838676452637,-9.08066177368164,840,-1,-1,-1
main,E1_chaotic,0.4,RFF-MCC-180,13,-8.654655456542969,-9.532679557800293,710,-1,-1,-1
main,E1_chaotic,0.4,RFF-MCC-180,14,-9.101279258728027,-9.484575271606445,847,-1,-1,-1
main,E1_chaotic,0.4,RFF-MCC-180,15,-9.893141746520996,-10.280418395996094,549,4628,-1,-1
main,E1_chaotic,0.4,RFF-MCC-180,16,-8.482786178588867,-9.102299690246582,883,-1,-1,-1
main,E1_chaotic,0.4,RFF-MCC-180,17,-9.737911224365234,-10.128170013427734,559,17969,-1,-1
main,E1_chaotic,0.4,RFF-MCC-180,18,-10.34133243560791,-10.859848976135254,555,3852,-1,-1
main,E1_chaotic,0.4,RFF-MCC-180,19,-8.928791046142578,-9.359579086303711,719,-1,-1,-1
main,E1_chaotic,0.4,NKP-RFF-MCC,0,-10.686836242675781,-11.048542022705078,640,5570,-1,-1
main,E1_chaotic,0.4,NKP-RFF-MCC,1,-9.442168235778809,-9.728718757629395,1303,-1,-1,-1
main,E1_chaotic,0.4,NKP-RFF-MCC,2,-10.301656723022461,-10.734737396240234,839,10243,-1,-1
main,E1_chaotic,0.4,NKP-RFF-MCC,3,-9.185007095336914,-9.693253517150879,668,-1,-1,-1
main,E1_chaotic,0.4,NKP-RFF-MCC,4,-9.939057350158691,-10.251968383789062,1070,15103,-1,-1
main,E1_chaotic,0.4,NKP-RFF-MCC,5,-9.669312477111816,-10.083765029907227,614,10436,-1,-1
main,E1_chaotic,0.4,NKP-RFF-MCC,6,-9.576848030090332,-9.951444625854492,994,-1,-1,-1
main,E1_chaotic,0.4,NKP-RFF-MCC,7,-9.390825271606445,-9.746770858764648,999,-1,-1,-1
main,E1_chaotic,0.4,NKP-RFF-MCC,8,-10.096826553344727,-10.423848152160645,868,11480,-1,-1
main,E1_chaotic,0.4,NKP-RFF-MCC,9,-10.014151573181152,-10.439644813537598,569,11152,-1,-1
main,E1_chaotic,0.4,NKP-RFF-MCC,10,-9.95885944366455,-10.304278373718262,1007,12654,-1,-1
main,E1_chaotic,0.4,NKP-RFF-MCC,11,-9.606608390808105,-10.022102355957031,840,15441,-1,-1
main,E1_chaotic,0.4,NKP-RFF-MCC,12,-9.616793632507324,-10.100140571594238,1007,15916,-1,-1
main,E1_chaotic,0.4,NKP-RFF-MCC,13,-9.913087844848633,-10.41717529296875,559,10486,-1,-1
main,E1_chaotic,0.4,NKP-RFF-MCC,14,-9.691474914550781,-10.002060890197754,658,17959,-1,-1
main,E1_chaotic,0.4,NKP-RFF-MCC,15,-10.199851989746094,-10.53630542755127,618,8112,-1,-1
main,E1_chaotic,0.4,NKP-RFF-MCC,16,-9.739614486694336,-10.080267906188965,549,18616,-1,-1
main,E1_chaotic,0.4,NKP-RFF-MCC,17,-10.153311729431152,-10.61922550201416,639,10386,-1,-1
main,E1_chaotic,0.4,NKP-RFF-MCC,18,-9.493326187133789,-9.908682823181152,682,-1,-1,-1
main,E1_chaotic,0.4,NKP-RFF-MCC,19,-9.286776542663574,-9.683003425598145,859,-1,-1,-1
main,E1_chaotic,0.8,RFF-NLMS,0,-12.753469467163086,-13.059450149536133,331,1689,-1,-1
main,E1_chaotic,0.8,RFF-NLMS,1,-13.092626571655273,-13.541857719421387,289,1074,-1,-1
main,E1_chaotic,0.8,RFF-NLMS,2,-13.25928783416748,-13.770011901855469,240,948,-1,-1
main,E1_chaotic,0.8,RFF-NLMS,3,-12.955252647399902,-13.382805824279785,268,1552,-1,-1
main,E1_chaotic,0.8,RFF-NLMS,4,-13.240875244140625,-13.872961044311523,244,855,-1,-1
main,E1_chaotic,0.8,RFF-NLMS,5,-13.107481002807617,-13.612360954284668,248,1212,-1,-1
main,E1_chaotic,0.8,RFF-NLMS,6,-12.402546882629395,-12.898813247680664,286,1319,-1,-1
main,E1_chaotic,0.8,RFF-NLMS,7,-13.386302947998047,-13.844443321228027,278,1347,-1,-1
main,E1_chaotic,0.8,RFF-NLMS,8,-13.345553398132324,-13.822647094726562,253,1233,-1,-1
main,E1_chaotic,0.8,RFF-NLMS,9,-13.107556343078613,-13.318800926208496,268,1450,-1,-1
main,E1_chaotic,0.8,RFF-NLMS,10,-14.000249862670898,-14.487852096557617,284,1499,-1,-1
main,E1_chaotic,0.8,RFF-NLMS,11,-12.432984352111816,-12.896142959594727,280,2034,-1,-1
main,E1_chaotic,0.8,RFF-NLMS,12,-13.180353164672852,-13.681591987609863,226,1365,-1,-1
main,E1_chaotic,0.8,RFF-NLMS,13,-13.822009086608887,-14.365950584411621,254,1072,-1,-1
main,E1_chaotic,0.8,RFF-NLMS,14,-13.78922176361084,-14.15014934539795,300,1381,-1,-1
main,E1_chaotic,0.8,RFF-NLMS,15,-13.868940353393555,-14.301323890686035,271,1259,-1,-1
main,E1_chaotic,0.8,RFF-NLMS,16,-13.658853530883789,-14.231647491455078,257,1215,-1,-1
main,E1_chaotic,0.8,RFF-NLMS,17,-12.463510513305664,-12.951526641845703,285,1718,-1,-1
main,E1_chaotic,0.8,RFF-NLMS,18,-13.577787399291992,-13.844045639038086,264,1248,-1,-1
main,E1_chaotic,0.8,RFF-NLMS,19,-13.220683097839355,-13.606834411621094,260,1169,-1,-1
main,E1_chaotic,0.8,RFF-MCC,0,-12.846922874450684,-13.150077819824219,381,1782,-1,-1
main,E1_chaotic,0.8,RFF-MCC,1,-13.177712440490723,-13.619277954101562,311,1176,-1,-1
main,E1_chaotic,0.8,RFF-MCC,2,-13.335369110107422,-13.840291976928711,278,990,-1,-1
main,E1_chaotic,0.8,RFF-MCC,3,-13.032781600952148,-13.456485748291016,353,1649,-1,-1
main,E1_chaotic,0.8,RFF-MCC,4,-13.310626983642578,-13.932955741882324,290,1233,-1,-1
main,E1_chaotic,0.8,RFF-MCC,5,-13.180506706237793,-13.684889793395996,322,1296,-1,-1
main,E1_chaotic,0.8,RFF-MCC,6,-12.509578704833984,-12.994333267211914,358,1391,-1,-1
main,E1_chaotic,0.8,RFF-MCC,7,-13.465386390686035,-13.91849136352539,331,1414,-1,-1
main,E1_chaotic,0.8,RFF-MCC,8,-13.412476539611816,-13.89243221282959,305,1470,-1,-1
main,E1_chaotic,0.8,RFF-MCC,9,-13.18991756439209,-13.393649101257324,316,1473,-1,-1
main,E1_chaotic,0.8,RFF-MCC,10,-14.05639362335205,-14.534481048583984,354,1576,-1,-1
main,E1_chaotic,0.8,RFF-MCC,11,-12.52586841583252,-12.973871231079102,347,2032,-1,-1
main,E1_chaotic,0.8,RFF-MCC,12,-13.261652946472168,-13.75757884979248,278,1365,-1,-1
main,E1_chaotic,0.8,RFF-MCC,13,-13.900799751281738,-14.465522766113281,304,1153,-1,-1
main,E1_chaotic,0.8,RFF-MCC,14,-13.862000465393066,-14.222127914428711,346,1388,-1,-1
main,E1_chaotic,0.8,RFF-MCC,15,-13.934557914733887,-14.348257064819336,334,1348,-1,-1
main,E1_chaotic,0.8,RFF-MCC,16,-13.737006187438965,-14.305000305175781,287,1228,-1,-1
main,E1_chaotic,0.8,RFF-MCC,17,-12.55927848815918,-13.05192756652832,331,1736,-1,-1
main,E1_chaotic,0.8,RFF-MCC,18,-13.646659851074219,-13.91214370727539,349,1323,-1,-1
main,E1_chaotic,0.8,RFF-MCC,19,-13.29086685180664,-13.679845809936523,307,1191,-1,-1
main,E1_chaotic,0.8,RFF-MCC-180,0,-7.191831111907959,-7.726607322692871,618,-1,-1,-1
main,E1_chaotic,0.8,RFF-MCC-180,1,-7.339296817779541,-7.742857933044434,594,-1,-1,-1
main,E1_chaotic,0.8,RFF-MCC-180,2,-7.704284191131592,-8.039448738098145,527,-1,-1,-1
main,E1_chaotic,0.8,RFF-MCC-180,3,-6.855948448181152,-7.312682151794434,778,-1,-1,-1
main,E1_chaotic,0.8,RFF-MCC-180,4,-7.7433905601501465,-8.276444435119629,339,-1,-1,-1
main,E1_chaotic,0.8,RFF-MCC-180,5,-7.933826446533203,-8.607958793640137,403,-1,-1,-1
main,E1_chaotic,0.8,RFF-MCC-180,6,-8.36941909790039,-8.95351505279541,534,-1,-1,-1
main,E1_chaotic,0.8,RFF-MCC-180,7,-6.856401443481445,-7.343554973602295,657,-1,-1,-1
main,E1_chaotic,0.8,RFF-MCC-180,8,-8.28708553314209,-8.935531616210938,423,-1,-1,-1
main,E1_chaotic,0.8,RFF-MCC-180,9,-8.14087200164795,-8.495339393615723,377,-1,-1,-1
main,E1_chaotic,0.8,RFF-MCC-180,10,-8.270414352416992,-8.595855712890625,386,-1,-1,-1
main,E1_chaotic,0.8,RFF-MCC-180,11,-7.519353866577148,-7.876082420349121,528,-1,-1,-1
main,E1_chaotic,0.8,RFF-MCC-180,12,-7.893657684326172,-8.543954849243164,524,-1,-1,-1
main,E1_chaotic,0.8,RFF-MCC-180,13,-8.06840705871582,-8.412697792053223,424,-1,-1,-1
main,E1_chaotic,0.8,RFF-MCC-180,14,-7.884373664855957,-8.380126953125,570,-1,-1,-1
main,E1_chaotic,0.8,RFF-MCC-180,15,-8.180323600769043,-8.593188285827637,398,-1,-1,-1
main,E1_chaotic,0.8,RFF-MCC-180,16,-7.530509948730469,-7.985337734222412,580,-1,-1,-1
main,E1_chaotic,0.8,RFF-MCC-180,17,-7.377443790435791,-7.835690498352051,426,-1,-1,-1
main,E1_chaotic,0.8,RFF-MCC-180,18,-6.946076393127441,-7.366044998168945,666,-1,-1,-1
main,E1_chaotic,0.8,RFF-MCC-180,19,-8.599425315856934,-9.140935897827148,363,-1,-1,-1
main,E1_chaotic,0.8,NKP-RFF-MCC,0,-8.911731719970703,-9.198699951171875,1130,-1,-1,-1
main,E1_chaotic,0.8,NKP-RFF-MCC,1,-9.078069686889648,-9.710620880126953,674,-1,-1,-1
main,E1_chaotic,0.8,NKP-RFF-MCC,2,-9.454462051391602,-9.925734519958496,770,-1,-1,-1
main,E1_chaotic,0.8,NKP-RFF-MCC,3,-8.923075675964355,-9.219698905944824,737,-1,-1,-1
main,E1_chaotic,0.8,NKP-RFF-MCC,4,-9.415400505065918,-9.745824813842773,490,-1,-1,-1
main,E1_chaotic,0.8,NKP-RFF-MCC,5,-9.649215698242188,-10.162320137023926,684,15496,-1,-1
main,E1_chaotic,0.8,NKP-RFF-MCC,6,-8.744608879089355,-9.20367431640625,835,-1,-1,-1
main,E1_chaotic,0.8,NKP-RFF-MCC,7,-9.323470115661621,-9.835858345031738,790,-1,-1,-1
main,E1_chaotic,0.8,NKP-RFF-MCC,8,-9.18065357208252,-9.820405960083008,862,-1,-1,-1
main,E1_chaotic,0.8,NKP-RFF-MCC,9,-8.467425346374512,-8.926053047180176,741,-1,-1,-1
main,E1_chaotic,0.8,NKP-RFF-MCC,10,-9.337651252746582,-9.610761642456055,455,-1,-1,-1
main,E1_chaotic,0.8,NKP-RFF-MCC,11,-8.022882461547852,-8.466772079467773,780,-1,-1,-1
main,E1_chaotic,0.8,NKP-RFF-MCC,12,-9.54938793182373,-10.04059886932373,990,19819,-1,-1
main,E1_chaotic,0.8,NKP-RFF-MCC,13,-9.32921314239502,-9.706708908081055,780,-1,-1,-1
main,E1_chaotic,0.8,NKP-RFF-MCC,14,-9.357524871826172,-9.78253173828125,984,-1,-1,-1
main,E1_chaotic,0.8,NKP-RFF-MCC,15,-8.983037948608398,-9.451837539672852,819,-1,-1,-1
main,E1_chaotic,0.8,NKP-RFF-MCC,16,-8.364791870117188,-8.979754447937012,1198,-1,-1,-1
main,E1_chaotic,0.8,NKP-RFF-MCC,17,-7.947229862213135,-8.405238151550293,793,-1,-1,-1
main,E1_chaotic,0.8,NKP-RFF-MCC,18,-8.910478591918945,-9.318202018737793,800,-1,-1,-1
main,E1_chaotic,0.8,NKP-RFF-MCC,19,-9.194103240966797,-9.608219146728516,651,-1,-1,-1
main,E2_sas_ref,0.05,RFF-NLMS,0,-2.631122350692749,-3.0289907455444336,-1,-1,-1,-1
main,E2_sas_ref,0.05,RFF-NLMS,1,-2.260132074356079,-2.646324872970581,-1,-1,-1,-1
main,E2_sas_ref,0.05,RFF-NLMS,2,-2.490807056427002,-2.9119718074798584,-1,-1,-1,-1
main,E2_sas_ref,0.05,RFF-NLMS,3,-2.2100698947906494,-2.876755714416504,-1,-1,-1,-1
main,E2_sas_ref,0.05,RFF-NLMS,4,-2.4588623046875,-2.9050204753875732,-1,-1,-1,-1
main,E2_sas_ref,0.05,RFF-NLMS,5,-2.7104790210723877,-2.99998140335083,-1,-1,-1,-1
main,E2_sas_ref,0.05,RFF-NLMS,6,-2.201815128326416,-2.696043014526367,-1,-1,-1,-1
main,E2_sas_ref,0.05,RFF-NLMS,7,-2.2964742183685303,-2.6864099502563477,-1,-1,-1,-1
main,E2_sas_ref,0.05,RFF-NLMS,8,-2.654921770095825,-3.132204532623291,-1,-1,-1,-1
main,E2_sas_ref,0.05,RFF-NLMS,9,-2.878467082977295,-3.1581101417541504,-1,-1,-1,-1
main,E2_sas_ref,0.05,RFF-NLMS,10,-2.3626697063446045,-2.703119993209839,-1,-1,-1,-1
main,E2_sas_ref,0.05,RFF-NLMS,11,-2.656578779220581,-3.046933889389038,-1,-1,-1,-1
main,E2_sas_ref,0.05,RFF-NLMS,12,-2.1237480640411377,-2.5714149475097656,-1,-1,-1,-1
main,E2_sas_ref,0.05,RFF-NLMS,13,-2.469597101211548,-2.7630374431610107,-1,-1,-1,-1
main,E2_sas_ref,0.05,RFF-NLMS,14,-2.1181750297546387,-2.5288305282592773,-1,-1,-1,-1
main,E2_sas_ref,0.05,RFF-NLMS,15,-2.772505521774292,-3.17075777053833,-1,-1,-1,-1
main,E2_sas_ref,0.05,RFF-NLMS,16,-2.6154725551605225,-2.954007625579834,-1,-1,-1,-1
main,E2_sas_ref,0.05,RFF-NLMS,17,-2.2998268604278564,-2.9031693935394287,-1,-1,-1,-1
main,E2_sas_ref,0.05,RFF-NLMS,18,-2.163465976715088,-2.7647390365600586,-1,-1,-1,-1
main,E2_sas_ref,0.05,RFF-NLMS,19,-2.0412368774414062,-2.588763475418091,-1,-1,-1,-1
main,E2_sas_ref,0.05,RFF-MCC,0,-2.5940890312194824,-2.9099783897399902,-1,-1,-1,-1
main,E2_sas_ref,0.05,RFF-MCC,1,-2.2361180782318115,-2.646803855895996,-1,-1,-1,-1
main,E2_sas_ref,0.05,RFF-MCC,2,-2.318092107772827,-2.7077016830444336,-1,-1,-1,-1
main,E2_sas_ref,0.05,RFF-MCC,3,-2.1311516761779785,-2.498948097229004,-1,-1,-1,-1
main,E2_sas_ref,0.05,RFF-MCC,4,-2.3203396797180176,-2.7464656829833984,-1,-1,-1,-1
main,E2_sas_ref,0.05,RFF-MCC,5,-2.571298837661743,-2.949497699737549,-1,-1,-1,-1
main,E2_sas_ref,0.05,RFF-MCC,6,-2.1226303577423096,-2.5109646320343018,-1,-1,-1,-1
main,E2_sas_ref,0.05,RFF-MCC,7,-2.2081143856048584,-2.5850696563720703,-1,-1,-1,-1
main,E2_sas_ref,0.05,RFF-MCC,8,-2.547382354736328,-2.960664987564087,-1,-1,-1,-1
main,E2_sas_ref,0.05,RFF-MCC,9,-2.651932716369629,-2.9359936714172363,-1,-1,-1,-1
main,E2_sas_ref,0.05,RFF-MCC,10,-2.2139148712158203,-2.598121404647827,-1,-1,-1,-1
main,E2_sas_ref,0.05,RFF-MCC,11,-2.481437921524048,-2.988562822341919,-1,-1,-1,-1
main,E2_sas_ref,0.05,RFF-MCC,12,-1.9108127355575562,-2.245405912399292,-1,-1,-1,-1
main,E2_sas_ref,0.05,RFF-MCC,13,-2.2100212574005127,-2.6561248302459717,-1,-1,-1,-1
main,E2_sas_ref,0.05,RFF-MCC,14,-2.0592730045318604,-2.3378043174743652,-1,-1,-1,-1
main,E2_sas_ref,0.05,RFF-MCC,15,-2.6001532077789307,-3.0218305587768555,-1,-1,-1,-1
main,E2_sas_ref,0.05,RFF-MCC,16,-2.220050096511841,-2.4680681228637695,-1,-1,-1,-1
main,E2_sas_ref,0.05,RFF-MCC,17,-2.1981520652770996,-2.5932579040527344,-1,-1,-1,-1
main,E2_sas_ref,0.05,RFF-MCC,18,-2.0650925636291504,-2.575066089630127,-1,-1,-1,-1
main,E2_sas_ref,0.05,RFF-MCC,19,-2.0429584980010986,-2.447615623474121,-1,-1,-1,-1
main,E2_sas_ref,0.05,RFF-MCC-180,0,-1.3668922185897827,-1.6190685033798218,-1,-1,-1,-1
main,E2_sas_ref,0.05,RFF-MCC-180,1,-1.0410971641540527,-1.29643976688385,-1,-1,-1,-1
main,E2_sas_ref,0.05,RFF-MCC-180,2,-1.3322240114212036,-1.6860392093658447,-1,-1,-1,-1
main,E2_sas_ref,0.05,RFF-MCC-180,3,-1.0044775009155273,-1.2322604656219482,-1,-1,-1,-1
main,E2_sas_ref,0.05,RFF-MCC-180,4,-0.9745434522628784,-1.230155110359192,-1,-1,-1,-1
main,E2_sas_ref,0.05,RFF-MCC-180,5,-1.4204505681991577,-1.6995518207550049,-1,-1,-1,-1
main,E2_sas_ref,0.05,RFF-MCC-180,6,-1.3051493167877197,-1.5412017107009888,-1,-1,-1,-1
main,E2_sas_ref,0.05,RFF-MCC-180,7,-1.3159687519073486,-1.597737431526184,-1,-1,-1,-1
main,E2_sas_ref,0.05,RFF-MCC-180,8,-1.5670667886734009,-1.876155972480774,-1,-1,-1,-1
main,E2_sas_ref,0.05,RFF-MCC-180,9,-1.7026464939117432,-1.910617470741272,-1,-1,-1,-1
main,E2_sas_ref,0.05,RFF-MCC-180,10,-1.3399049043655396,-1.6082375049591064,-1,-1,-1,-1
main,E2_sas_ref,0.05,RFF-MCC-180,11,-1.5500822067260742,-1.8345115184783936,-1,-1,-1,-1
main,E2_sas_ref,0.05,RFF-MCC-180,12,-0.9557744264602661,-1.284088134765625,-1,-1,-1,-1
main,E2_sas_ref,0.05,RFF-MCC-180,13,-1.6198891401290894,-1.9112290143966675,-1,-1,-1,-1
main,E2_sas_ref,0.05,RFF-MCC-180,14,-1.2642852067947388,-1.4494729042053223,-1,-1,-1,-1
main,E2_sas_ref,0.05,RFF-MCC-180,15,-1.3844999074935913,-1.6756739616394043,-1,-1,-1,-1
main,E2_sas_ref,0.05,RFF-MCC-180,16,-1.371744990348816,-1.613858938217163,-1,-1,-1,-1
main,E2_sas_ref,0.05,RFF-MCC-180,17,-1.172587513923645,-1.4938464164733887,-1,-1,-1,-1
main,E2_sas_ref,0.05,RFF-MCC-180,18,-1.3647600412368774,-1.8288823366165161,-1,-1,-1,-1
main,E2_sas_ref,0.05,RFF-MCC-180,19,-1.1591283082962036,-1.391754388809204,-1,-1,-1,-1
main,E2_sas_ref,0.05,NKP-RFF-MCC,0,-1.674138069152832,-1.893428921699524,-1,-1,-1,-1
main,E2_sas_ref,0.05,NKP-RFF-MCC,1,-1.6635371446609497,-1.9868735074996948,-1,-1,-1,-1
main,E2_sas_ref,0.05,NKP-RFF-MCC,2,-1.6119754314422607,-1.9285707473754883,-1,-1,-1,-1
main,E2_sas_ref,0.05,NKP-RFF-MCC,3,-1.5315241813659668,-1.9801334142684937,-1,-1,-1,-1
main,E2_sas_ref,0.05,NKP-RFF-MCC,4,-1.5914021730422974,-1.8364537954330444,-1,-1,-1,-1
main,E2_sas_ref,0.05,NKP-RFF-MCC,5,-1.7386902570724487,-2.021048069000244,-1,-1,-1,-1
main,E2_sas_ref,0.05,NKP-RFF-MCC,6,-1.329424262046814,-1.5593383312225342,-1,-1,-1,-1
main,E2_sas_ref,0.05,NKP-RFF-MCC,7,-1.545316219329834,-1.829317331314087,-1,-1,-1,-1
main,E2_sas_ref,0.05,NKP-RFF-MCC,8,-1.762405276298523,-2.146378517150879,-1,-1,-1,-1
main,E2_sas_ref,0.05,NKP-RFF-MCC,9,-2.142911434173584,-2.4853439331054688,-1,-1,-1,-1
main,E2_sas_ref,0.05,NKP-RFF-MCC,10,-1.583767056465149,-1.866678237915039,-1,-1,-1,-1
main,E2_sas_ref,0.05,NKP-RFF-MCC,11,-1.8120417594909668,-2.156921863555908,-1,-1,-1,-1
main,E2_sas_ref,0.05,NKP-RFF-MCC,12,-1.4209575653076172,-1.8815109729766846,-1,-1,-1,-1
main,E2_sas_ref,0.05,NKP-RFF-MCC,13,-1.411137342453003,-1.7037101984024048,-1,-1,-1,-1
main,E2_sas_ref,0.05,NKP-RFF-MCC,14,-1.5016525983810425,-1.8023583889007568,-1,-1,-1,-1
main,E2_sas_ref,0.05,NKP-RFF-MCC,15,-1.768833041191101,-2.0920543670654297,-1,-1,-1,-1
main,E2_sas_ref,0.05,NKP-RFF-MCC,16,-1.5498788356781006,-1.8383172750473022,-1,-1,-1,-1
main,E2_sas_ref,0.05,NKP-RFF-MCC,17,-1.3980447053909302,-1.7646596431732178,-1,-1,-1,-1
main,E2_sas_ref,0.05,NKP-RFF-MCC,18,-1.5406851768493652,-1.9463815689086914,-1,-1,-1,-1
main,E2_sas_ref,0.05,NKP-RFF-MCC,19,-1.5340306758880615,-1.8084163665771484,-1,-1,-1,-1
main,E2_sas_ref,0.1,RFF-NLMS,0,-2.667039394378662,-3.1465399265289307,-1,-1,-1,-1
main,E2_sas_ref,0.1,RFF-NLMS,1,-2.51838755607605,-3.1636340618133545,-1,-1,-1,-1
main,E2_sas_ref,0.1,RFF-NLMS,2,-2.1563405990600586,-2.7201735973358154,-1,-1,-1,-1
main,E2_sas_ref,0.1,RFF-NLMS,3,-2.6030678749084473,-3.1820688247680664,-1,-1,-1,-1
main,E2_sas_ref,0.1,RFF-NLMS,4,-2.4249207973480225,-3.2973060607910156,-1,-1,-1,-1
main,E2_sas_ref,0.1,RFF-NLMS,5,-2.0114567279815674,-2.3188745975494385,-1,-1,-1,-1
main,E2_sas_ref,0.1,RFF-NLMS,6,-2.116952657699585,-2.8119518756866455,-1,-1,-1,-1
main,E2_sas_ref,0.1,RFF-NLMS,7,-2.3950672149658203,-2.7732110023498535,-1,-1,-1,-1
main,E2_sas_ref,0.1,RFF-NLMS,8,-2.5267488956451416,-2.888707160949707,-1,-1,-1,-1
main,E2_sas_ref,0.1,RFF-NLMS,9,-2.2084567546844482,-2.667501926422119,-1,-1,-1,-1
main,E2_sas_ref,0.1,RFF-NLMS,10,-2.099680185317993,-2.9508814811706543,-1,-1,-1,-1
main,E2_sas_ref,0.1,RFF-NLMS,11,-2.1744143962860107,-2.8370018005371094,-1,-1,-1,-1
main,E2_sas_ref,0.1,RFF-NLMS,12,-2.055121421813965,-2.490034341812134,-1,-1,-1,-1
main,E2_sas_ref,0.1,RFF-NLMS,13,-2.736205816268921,-3.134052038192749,-1,-1,-1,-1
main,E2_sas_ref,0.1,RFF-NLMS,14,-2.5349018573760986,-2.931260585784912,-1,-1,-1,-1
main,E2_sas_ref,0.1,RFF-NLMS,15,-2.32352614402771,-2.5830557346343994,-1,-1,-1,-1
main,E2_sas_ref,0.1,RFF-NLMS,16,-2.5134918689727783,-3.2330644130706787,-1,-1,-1,-1
main,E2_sas_ref,0.1,RFF-NLMS,17,-2.527578830718994,-2.8959884643554688,-1,-1,-1,-1
main,E2_sas_ref,0.1,RFF-NLMS,18,-2.7832369804382324,-3.354807138442993,-1,-1,-1,-1
main,E2_sas_ref,0.1,RFF-NLMS,19,-2.479147434234619,-3.1944198608398438,-1,-1,-1,-1
main,E2_sas_ref,0.1,RFF-MCC,0,-2.9405055046081543,-3.334681987762451,-1,-1,-1,-1
main,E2_sas_ref,0.1,RFF-MCC,1,-2.7765135765075684,-3.4352526664733887,-1,-1,-1,-1
main,E2_sas_ref,0.1,RFF-MCC,2,-2.386538028717041,-2.7638392448425293,-1,-1,-1,-1
main,E2_sas_ref,0.1,RFF-MCC,3,-2.721508264541626,-3.0729167461395264,-1,-1,-1,-1
main,E2_sas_ref,0.1,RFF-MCC,4,-2.643385887145996,-3.002288341522217,-1,-1,-1,-1
main,E2_sas_ref,0.1,RFF-MCC,5,-2.1559805870056152,-2.3926072120666504,-1,-1,-1,-1
main,E2_sas_ref,0.1,RFF-MCC,6,-2.3575234413146973,-2.909837484359741,-1,-1,-1,-1
main,E2_sas_ref,0.1,RFF-MCC,7,-2.696068286895752,-3.2116198539733887,-1,-1,-1,-1
main,E2_sas_ref,0.1,RFF-MCC,8,-2.733994483947754,-3.173522710800171,-1,-1,-1,-1
main,E2_sas_ref,0.1,RFF-MCC,9,-2.562075138092041,-2.895684003829956,-1,-1,-1,-1
main,E2_sas_ref,0.1,RFF-MCC,10,-2.426891803741455,-2.9048876762390137,-1,-1,-1,-1
main,E2_sas_ref,0.1,RFF-MCC,11,-2.4228062629699707,-2.8565640449523926,-1,-1,-1,-1
main,E2_sas_ref,0.1,RFF-MCC,12,-2.351982831954956,-2.684335231781006,-1,-1,-1,-1
main,E2_sas_ref,0.1,RFF-MCC,13,-2.980605125427246,-3.410997152328491,-1,-1,-1,-1
main,E2_sas_ref,0.1,RFF-MCC,14,-2.7798216342926025,-3.0919861793518066,-1,-1,-1,-1
main,E2_sas_ref,0.1,RFF-MCC,15,-2.5749073028564453,-2.866205930709839,-1,-1,-1,-1
main,E2_sas_ref,0.1,RFF-MCC,16,-2.7889578342437744,-3.1420247554779053,-1,-1,-1,-1
main,E2_sas_ref,0.1,RFF-MCC,17,-2.840013265609741,-3.16306209564209,-1,-1,-1,-1
main,E2_sas_ref,0.1,RFF-MCC,18,-3.0280323028564453,-3.50124192237854,-1,-1,-1,-1
main,E2_sas_ref,0.1,RFF-MCC,19,-2.7256226539611816,-3.4204225540161133,-1,-1,-1,-1
main,E2_sas_ref,0.1,RFF-MCC-180,0,-1.694801926612854,-2.049588680267334,-1,-1,-1,-1
main,E2_sas_ref,0.1,RFF-MCC-180,1,-1.5133271217346191,-1.9801136255264282,-1,-1,-1,-1
main,E2_sas_ref,0.1,RFF-MCC-180,2,-1.3833667039871216,-1.697145938873291,-1,-1,-1,-1
main,E2_sas_ref,0.1,RFF-MCC-180,3,-1.3439645767211914,-1.7845178842544556,-1,-1,-1,-1
main,E2_sas_ref,0.1,RFF-MCC-180,4,-1.639370322227478,-2.113175392150879,-1,-1,-1,-1
main,E2_sas_ref,0.1,RFF-MCC-180,5,-1.4336680173873901,-1.637986660003662,-1,-1,-1,-1
main,E2_sas_ref,0.1,RFF-MCC-180,6,-1.077803373336792,-1.450890064239502,-1,-1,-1,-1
main,E2_sas_ref,0.1,RFF-MCC-180,7,-1.5319081544876099,-1.949787974357605,-1,-1,-1,-1
main,E2_sas_ref,0.1,RFF-MCC-180,8,-1.8069775104522705,-2.2603342533111572,-1,-1,-1,-1
main,E2_sas_ref,0.1,RFF-MCC-180,9,-1.464975357055664,-1.687422752380371,-1,-1,-1,-1
main,E2_sas_ref,0.1,RFF-MCC-180,10,-1.2823764085769653,-1.697105884552002,-1,-1,-1,-1
main,E2_sas_ref,0.1,RFF-MCC-180,11,-1.4536800384521484,-1.79071843624115,-1,-1,-1,-1
main,E2_sas_ref,0.1,RFF-MCC-180,12,-1.2080382108688354,-1.5486339330673218,-1,-1,-1,-1
main,E2_sas_ref,0.1,RFF-MCC-180,13,-1.6270229816436768,-1.9009473323822021,-1,-1,-1,-1
main,E2_sas_ref,0.1,RFF-MCC-180,14,-1.0986393690109253,-1.325803518295288,-1,-1,-1,-1
main,E2_sas_ref,0.1,RFF-MCC-180,15,-1.2593214511871338,-1.5406540632247925,-1,-1,-1,-1
main,E2_sas_ref,0.1,RFF-MCC-180,16,-1.6168550252914429,-1.9856674671173096,-1,-1,-1,-1
main,E2_sas_ref,0.1,RFF-MCC-180,17,-1.5586414337158203,-1.8874304294586182,-1,-1,-1,-1
main,E2_sas_ref,0.1,RFF-MCC-180,18,-1.768692135810852,-2.1962761878967285,-1,-1,-1,-1
main,E2_sas_ref,0.1,RFF-MCC-180,19,-1.6590576171875,-2.2640910148620605,-1,-1,-1,-1
main,E2_sas_ref,0.1,NKP-RFF-MCC,0,-1.7516710758209229,-2.0218582153320312,-1,-1,-1,-1
main,E2_sas_ref,0.1,NKP-RFF-MCC,1,-1.5062536001205444,-2.023930549621582,-1,-1,-1,-1
main,E2_sas_ref,0.1,NKP-RFF-MCC,2,-1.4603224992752075,-1.719398021697998,-1,-1,-1,-1
main,E2_sas_ref,0.1,NKP-RFF-MCC,3,-1.62666916847229,-1.8837779760360718,-1,-1,-1,-1
main,E2_sas_ref,0.1,NKP-RFF-MCC,4,-1.700527310371399,-1.996272325515747,-1,-1,-1,-1
main,E2_sas_ref,0.1,NKP-RFF-MCC,5,-1.364967942237854,-1.5634280443191528,-1,-1,-1,-1
main,E2_sas_ref,0.1,NKP-RFF-MCC,6,-1.5701448917388916,-1.8969171047210693,-1,-1,-1,-1
main,E2_sas_ref,0.1,NKP-RFF-MCC,7,-1.614986777305603,-2.0230093002319336,-1,-1,-1,-1
main,E2_sas_ref,0.1,NKP-RFF-MCC,8,-1.7183480262756348,-2.0625529289245605,-1,-1,-1,-1
main,E2_sas_ref,0.1,NKP-RFF-MCC,9,-1.4510068893432617,-1.6668485403060913,-1,-1,-1,-1
main,E2_sas_ref,0.1,NKP-RFF-MCC,10,-1.5310529470443726,-2.0088212490081787,-1,-1,-1,-1
main,E2_sas_ref,0.1,NKP-RFF-MCC,11,-1.4163888692855835,-1.7207826375961304,-1,-1,-1,-1
main,E2_sas_ref,0.1,NKP-RFF-MCC,12,-1.6259994506835938,-1.8976600170135498,-1,-1,-1,-1
main,E2_sas_ref,0.1,NKP-RFF-MCC,13,-2.0702054500579834,-2.448460102081299,-1,-1,-1,-1
main,E2_sas_ref,0.1,NKP-RFF-MCC,14,-1.8031507730484009,-2.0865159034729004,-1,-1,-1,-1
main,E2_sas_ref,0.1,NKP-RFF-MCC,15,-1.5871217250823975,-1.847999095916748,-1,-1,-1,-1
main,E2_sas_ref,0.1,NKP-RFF-MCC,16,-1.869064450263977,-2.2989494800567627,-1,-1,-1,-1
main,E2_sas_ref,0.1,NKP-RFF-MCC,17,-1.9956140518188477,-2.3093204498291016,-1,-1,-1,-1
main,E2_sas_ref,0.1,NKP-RFF-MCC,18,-1.839928150177002,-2.220034122467041,-1,-1,-1,-1
main,E2_sas_ref,0.1,NKP-RFF-MCC,19,-1.740478515625,-2.2155675888061523,-1,-1,-1,-1
main,E2_sas_ref,0.2,RFF-NLMS,0,-1.6631683111190796,-2.2623987197875977,-1,-1,-1,-1
main,E2_sas_ref,0.2,RFF-NLMS,1,-1.6228877305984497,-2.3669161796569824,-1,-1,-1,-1
main,E2_sas_ref,0.2,RFF-NLMS,2,-1.9443734884262085,-2.3789589405059814,-1,-1,-1,-1
main,E2_sas_ref,0.2,RFF-NLMS,3,-1.937201976776123,-2.4604249000549316,-1,-1,-1,-1
main,E2_sas_ref,0.2,RFF-NLMS,4,-1.9340088367462158,-2.4941599369049072,-1,-1,-1,-1
main,E2_sas_ref,0.2,RFF-NLMS,5,-2.1389944553375244,-2.4700005054473877,-1,-1,-1,-1
main,E2_sas_ref,0.2,RFF-NLMS,6,-1.8691283464431763,-2.520440101623535,-1,-1,-1,-1
main,E2_sas_ref,0.2,RFF-NLMS,7,-1.6831544637680054,-2.5030722618103027,-1,-1,-1,-1
main,E2_sas_ref,0.2,RFF-NLMS,8,-2.2368850708007812,-2.505120038986206,-1,-1,-1,-1
main,E2_sas_ref,0.2,RFF-NLMS,9,-2.0251107215881348,-2.732268810272217,-1,-1,-1,-1
main,E2_sas_ref,0.2,RFF-NLMS,10,-2.2300968170166016,-2.618077516555786,-1,-1,-1,-1
main,E2_sas_ref,0.2,RFF-NLMS,11,-1.7763237953186035,-2.1814377307891846,-1,-1,-1,-1
main,E2_sas_ref,0.2,RFF-NLMS,12,-1.8196479082107544,-2.505049705505371,-1,-1,-1,-1
main,E2_sas_ref,0.2,RFF-NLMS,13,-2.158456563949585,-2.815532684326172,-1,-1,-1,-1
main,E2_sas_ref,0.2,RFF-NLMS,14,-2.102102756500244,-2.573819637298584,-1,-1,-1,-1
main,E2_sas_ref,0.2,RFF-NLMS,15,-2.048492670059204,-2.396143674850464,-1,-1,-1,-1
main,E2_sas_ref,0.2,RFF-NLMS,16,-2.074402332305908,-2.5823099613189697,-1,-1,-1,-1
main,E2_sas_ref,0.2,RFF-NLMS,17,-1.7530508041381836,-2.3072333335876465,-1,-1,-1,-1
main,E2_sas_ref,0.2,RFF-NLMS,18,-1.905184030532837,-2.496202230453491,-1,-1,-1,-1
main,E2_sas_ref,0.2,RFF-NLMS,19,-1.7847763299942017,-2.7412660121917725,-1,-1,-1,-1
main,E2_sas_ref,0.2,RFF-MCC,0,-2.3703222274780273,-2.856843948364258,-1,-1,-1,-1
main,E2_sas_ref,0.2,RFF-MCC,1,-2.25583815574646,-2.8586761951446533,-1,-1,-1,-1
main,E2_sas_ref,0.2,RFF-MCC,2,-2.6339504718780518,-2.8925936222076416,-1,-1,-1,-1
main,E2_sas_ref,0.2,RFF-MCC,3,-2.5635039806365967,-2.903221368789673,-1,-1,-1,-1
main,E2_sas_ref,0.2,RFF-MCC,4,-2.577529191970825,-2.9885756969451904,-1,-1,-1,-1
main,E2_sas_ref,0.2,RFF-MCC,5,-2.612438917160034,-3.0910604000091553,-1,-1,-1,-1
main,E2_sas_ref,0.2,RFF-MCC,6,-2.508756160736084,-2.9815354347229004,-1,-1,-1,-1
main,E2_sas_ref,0.2,RFF-MCC,7,-2.353224277496338,-2.9107301235198975,-1,-1,-1,-1
main,E2_sas_ref,0.2,RFF-MCC,8,-2.8967390060424805,-3.168689012527466,-1,-1,-1,-1
main,E2_sas_ref,0.2,RFF-MCC,9,-2.709686040878296,-3.08315372467041,-1,-1,-1,-1
main,E2_sas_ref,0.2,RFF-MCC,10,-2.985396146774292,-3.314877510070801,-1,-1,-1,-1
main,E2_sas_ref,0.2,RFF-MCC,11,-2.3946890830993652,-2.787722110748291,-1,-1,-1,-1
main,E2_sas_ref,0.2,RFF-MCC,12,-2.4280662536621094,-3.049463987350464,-1,-1,-1,-1
main,E2_sas_ref,0.2,RFF-MCC,13,-2.796267509460449,-3.310403823852539,-1,-1,-1,-1
main,E2_sas_ref,0.2,RFF-MCC,14,-2.7396936416625977,-3.236767530441284,-1,-1,-1,-1
main,E2_sas_ref,0.2,RFF-MCC,15,-2.5434553623199463,-2.9569318294525146,-1,-1,-1,-1
main,E2_sas_ref,0.2,RFF-MCC,16,-2.6675379276275635,-3.1372952461242676,-1,-1,-1,-1
main,E2_sas_ref,0.2,RFF-MCC,17,-2.4191417694091797,-2.8055617809295654,-1,-1,-1,-1
main,E2_sas_ref,0.2,RFF-MCC,18,-2.559403896331787,-2.948892116546631,-1,-1,-1,-1
main,E2_sas_ref,0.2,RFF-MCC,19,-2.4405627250671387,-3.1109492778778076,-1,-1,-1,-1
main,E2_sas_ref,0.2,RFF-MCC-180,0,-1.226762056350708,-1.5480217933654785,-1,-1,-1,-1
main,E2_sas_ref,0.2,RFF-MCC-180,1,-1.1619982719421387,-1.6652448177337646,-1,-1,-1,-1
main,E2_sas_ref,0.2,RFF-MCC-180,2,-1.228775143623352,-1.5022830963134766,-1,-1,-1,-1
main,E2_sas_ref,0.2,RFF-MCC-180,3,-1.2209677696228027,-1.5060104131698608,-1,-1,-1,-1
main,E2_sas_ref,0.2,RFF-MCC-180,4,-1.1991392374038696,-1.6148687601089478,-1,-1,-1,-1
main,E2_sas_ref,0.2,RFF-MCC-180,5,-1.195378303527832,-1.6173475980758667,-1,-1,-1,-1
main,E2_sas_ref,0.2,RFF-MCC-180,6,-0.9634691476821899,-1.4088048934936523,-1,-1,-1,-1
main,E2_sas_ref,0.2,RFF-MCC-180,7,-0.9913197159767151,-1.4300256967544556,-1,-1,-1,-1
main,E2_sas_ref,0.2,RFF-MCC-180,8,-1.6387455463409424,-1.954354166984558,-1,-1,-1,-1
main,E2_sas_ref,0.2,RFF-MCC-180,9,-1.6669394969940186,-1.9673136472702026,-1,-1,-1,-1
main,E2_sas_ref,0.2,RFF-MCC-180,10,-1.4931793212890625,-1.7702380418777466,-1,-1,-1,-1
main,E2_sas_ref,0.2,RFF-MCC-180,11,-1.1442540884017944,-1.4329891204833984,-1,-1,-1,-1
main,E2_sas_ref,0.2,RFF-MCC-180,12,-1.1046998500823975,-1.5917489528656006,-1,-1,-1,-1
main,E2_sas_ref,0.2,RFF-MCC-180,13,-1.511649250984192,-1.8842500448226929,-1,-1,-1,-1
main,E2_sas_ref,0.2,RFF-MCC-180,14,-1.520704746246338,-1.9217973947525024,-1,-1,-1,-1
main,E2_sas_ref,0.2,RFF-MCC-180,15,-1.4887104034423828,-1.7117187976837158,-1,-1,-1,-1
main,E2_sas_ref,0.2,RFF-MCC-180,16,-1.3994579315185547,-1.813718318939209,-1,-1,-1,-1
main,E2_sas_ref,0.2,RFF-MCC-180,17,-1.303621768951416,-1.603750467300415,-1,-1,-1,-1
main,E2_sas_ref,0.2,RFF-MCC-180,18,-1.3594805002212524,-1.654559850692749,-1,-1,-1,-1
main,E2_sas_ref,0.2,RFF-MCC-180,19,-1.0854430198669434,-1.429802417755127,-1,-1,-1,-1
main,E2_sas_ref,0.2,NKP-RFF-MCC,0,-1.4463415145874023,-1.857123851776123,-1,-1,-1,-1
main,E2_sas_ref,0.2,NKP-RFF-MCC,1,-1.2907133102416992,-1.7178248167037964,-1,-1,-1,-1
main,E2_sas_ref,0.2,NKP-RFF-MCC,2,-1.532012939453125,-1.78190279006958,-1,-1,-1,-1
main,E2_sas_ref,0.2,NKP-RFF-MCC,3,-1.5172092914581299,-1.779950737953186,-1,-1,-1,-1
main,E2_sas_ref,0.2,NKP-RFF-MCC,4,-1.6376283168792725,-1.8951363563537598,-1,-1,-1,-1
main,E2_sas_ref,0.2,NKP-RFF-MCC,5,-1.6270685195922852,-2.0349199771881104,-1,-1,-1,-1
main,E2_sas_ref,0.2,NKP-RFF-MCC,6,-1.5424258708953857,-1.878724217414856,-1,-1,-1,-1
main,E2_sas_ref,0.2,NKP-RFF-MCC,7,-1.3622961044311523,-1.862663984298706,-1,-1,-1,-1
main,E2_sas_ref,0.2,NKP-RFF-MCC,8,-1.6555120944976807,-1.8693995475769043,-1,-1,-1,-1
main,E2_sas_ref,0.2,NKP-RFF-MCC,9,-1.770583152770996,-2.0687196254730225,-1,-1,-1,-1
main,E2_sas_ref,0.2,NKP-RFF-MCC,10,-2.02168345451355,-2.3209729194641113,-1,-1,-1,-1
main,E2_sas_ref,0.2,NKP-RFF-MCC,11,-1.6921613216400146,-1.9899822473526,-1,-1,-1,-1
main,E2_sas_ref,0.2,NKP-RFF-MCC,12,-1.4590504169464111,-1.9575728178024292,-1,-1,-1,-1
main,E2_sas_ref,0.2,NKP-RFF-MCC,13,-1.884667992591858,-2.201662302017212,-1,-1,-1,-1
main,E2_sas_ref,0.2,NKP-RFF-MCC,14,-1.5933067798614502,-1.9120558500289917,-1,-1,-1,-1
main,E2_sas_ref,0.2,NKP-RFF-MCC,15,-1.5449854135513306,-1.9804224967956543,-1,-1,-1,-1
main,E2_sas_ref,0.2,NKP-RFF-MCC,16,-1.7523012161254883,-2.0309126377105713,-1,-1,-1,-1
main,E2_sas_ref,0.2,NKP-RFF-MCC,17,-1.4740731716156006,-1.7747015953063965,-1,-1,-1,-1
main,E2_sas_ref,0.2,NKP-RFF-MCC,18,-1.4296302795410156,-1.6845840215682983,-1,-1,-1,-1
main,E2_sas_ref,0.2,NKP-RFF-MCC,19,-1.63313627243042,-2.0445261001586914,-1,-1,-1,-1
main,E2_sas_ref,0.4,RFF-NLMS,0,-1.3347804546356201,-1.8474823236465454,-1,-1,-1,-1
main,E2_sas_ref,0.4,RFF-NLMS,1,-1.1723214387893677,-1.4714858531951904,-1,-1,-1,-1
main,E2_sas_ref,0.4,RFF-NLMS,2,-1.335082769393921,-2.3384950160980225,-1,-1,-1,-1
main,E2_sas_ref,0.4,RFF-NLMS,3,-1.314604640007019,-1.9631304740905762,-1,-1,-1,-1
main,E2_sas_ref,0.4,RFF-NLMS,4,-1.735691785812378,-2.1135916709899902,-1,-1,-1,-1
main,E2_sas_ref,0.4,RFF-NLMS,5,-1.2526382207870483,-2.225132942199707,-1,-1,-1,-1
main,E2_sas_ref,0.4,RFF-NLMS,6,-1.4327152967453003,-2.196476697921753,-1,-1,-1,-1
main,E2_sas_ref,0.4,RFF-NLMS,7,-1.4132667779922485,-1.9660179615020752,-1,-1,-1,-1
main,E2_sas_ref,0.4,RFF-NLMS,8,-0.9500741958618164,-1.384458065032959,-1,-1,-1,-1
main,E2_sas_ref,0.4,RFF-NLMS,9,-1.5050461292266846,-2.1234326362609863,-1,-1,-1,-1
main,E2_sas_ref,0.4,RFF-NLMS,10,-1.316899299621582,-2.0016930103302,-1,-1,-1,-1
main,E2_sas_ref,0.4,RFF-NLMS,11,-1.2261279821395874,-1.7135001420974731,-1,-1,-1,-1
main,E2_sas_ref,0.4,RFF-NLMS,12,-1.2738662958145142,-2.180607795715332,-1,-1,-1,-1
main,E2_sas_ref,0.4,RFF-NLMS,13,-1.3105835914611816,-1.7437611818313599,-1,-1,-1,-1
main,E2_sas_ref,0.4,RFF-NLMS,14,-1.0867620706558228,-2.0152056217193604,-1,-1,-1,-1
main,E2_sas_ref,0.4,RFF-NLMS,15,-1.5355814695358276,-1.9692282676696777,-1,-1,-1,-1
main,E2_sas_ref,0.4,RFF-NLMS,16,-1.0277022123336792,-2.0474207401275635,-1,-1,-1,-1
main,E2_sas_ref,0.4,RFF-NLMS,17,-1.711738109588623,-2.175095319747925,-1,-1,-1,-1
main,E2_sas_ref,0.4,RFF-NLMS,18,-1.4325435161590576,-1.8995330333709717,-1,-1,-1,-1
main,E2_sas_ref,0.4,RFF-NLMS,19,-1.580626368522644,-2.2424824237823486,-1,-1,-1,-1
main,E2_sas_ref,0.4,RFF-MCC,0,-2.577956199645996,-2.9551193714141846,-1,-1,-1,-1
main,E2_sas_ref,0.4,RFF-MCC,1,-2.1884524822235107,-2.5155818462371826,-1,-1,-1,-1
main,E2_sas_ref,0.4,RFF-MCC,2,-2.549099922180176,-3.294408082962036,-1,-1,-1,-1
main,E2_sas_ref,0.4,RFF-MCC,3,-2.6156466007232666,-3.1062798500061035,-1,-1,-1,-1
main,E2_sas_ref,0.4,RFF-MCC,4,-2.808414936065674,-3.2533929347991943,-1,-1,-1,-1
main,E2_sas_ref,0.4,RFF-MCC,5,-2.6366806030273438,-3.04681396484375,-1,-1,-1,-1
main,E2_sas_ref,0.4,RFF-MCC,6,-2.6386919021606445,-3.1570804119110107,-1,-1,-1,-1
main,E2_sas_ref,0.4,RFF-MCC,7,-2.60172963142395,-3.058840751647949,-1,-1,-1,-1
main,E2_sas_ref,0.4,RFF-MCC,8,-2.142996311187744,-2.43290376663208,-1,-1,-1,-1
main,E2_sas_ref,0.4,RFF-MCC,9,-2.6430301666259766,-3.162916898727417,-1,-1,-1,-1
main,E2_sas_ref,0.4,RFF-MCC,10,-2.4555602073669434,-3.1899068355560303,-1,-1,-1,-1
main,E2_sas_ref,0.4,RFF-MCC,11,-2.2824902534484863,-2.6767420768737793,-1,-1,-1,-1
main,E2_sas_ref,0.4,RFF-MCC,12,-2.454664468765259,-3.3323593139648438,-1,-1,-1,-1
main,E2_sas_ref,0.4,RFF-MCC,13,-2.5254194736480713,-3.009120464324951,-1,-1,-1,-1
main,E2_sas_ref,0.4,RFF-MCC,14,-2.2398717403411865,-2.831782817840576,-1,-1,-1,-1
main,E2_sas_ref,0.4,RFF-MCC,15,-2.687699317932129,-2.988132953643799,-1,-1,-1,-1
main,E2_sas_ref,0.4,RFF-MCC,16,-2.200902223587036,-2.58172345161438,-1,-1,-1,-1
main,E2_sas_ref,0.4,RFF-MCC,17,-2.9416086673736572,-3.433577299118042,-1,-1,-1,-1
main,E2_sas_ref,0.4,RFF-MCC,18,-2.632493734359741,-2.965343713760376,-1,-1,-1,-1
main,E2_sas_ref,0.4,RFF-MCC,19,-2.789289951324463,-3.2226314544677734,-1,-1,-1,-1
main,E2_sas_ref,0.4,RFF-MCC-180,0,-1.1266505718231201,-1.415382981300354,-1,-1,-1,-1
main,E2_sas_ref,0.4,RFF-MCC-180,1,-0.8100032210350037,-1.1214334964752197,-1,-1,-1,-1
main,E2_sas_ref,0.4,RFF-MCC-180,2,-1.0240404605865479,-1.4236364364624023,-1,-1,-1,-1
main,E2_sas_ref,0.4,RFF-MCC-180,3,-1.2623591423034668,-1.5448027849197388,-1,-1,-1,-1
main,E2_sas_ref,0.4,RFF-MCC-180,4,-1.0290228128433228,-1.423133134841919,-1,-1,-1,-1
main,E2_sas_ref,0.4,RFF-MCC-180,5,-0.9995525479316711,-1.3155239820480347,-1,-1,-1,-1
main,E2_sas_ref,0.4,RFF-MCC-180,6,-1.8175840377807617,-2.3198630809783936,-1,-1,-1,-1
main,E2_sas_ref,0.4,RFF-MCC-180,7,-1.0164786577224731,-1.353546380996704,-1,-1,-1,-1
main,E2_sas_ref,0.4,RFF-MCC-180,8,-0.9379554390907288,-1.1470141410827637,-1,-1,-1,-1
main,E2_sas_ref,0.4,RFF-MCC-180,9,-1.0783886909484863,-1.3568923473358154,-1,-1,-1,-1
main,E2_sas_ref,0.4,RFF-MCC-180,10,-1.294014573097229,-1.8253198862075806,-1,-1,-1,-1
main,E2_sas_ref,0.4,RFF-MCC-180,11,-0.7742764949798584,-0.976884663105011,-1,-1,-1,-1
main,E2_sas_ref,0.4,RFF-MCC-180,12,-1.1932569742202759,-1.6812442541122437,-1,-1,-1,-1
main,E2_sas_ref,0.4,RFF-MCC-180,13,-1.1214383840560913,-1.5574043989181519,-1,-1,-1,-1
main,E2_sas_ref,0.4,RFF-MCC-180,14,-0.6695287823677063,-1.0031050443649292,-1,-1,-1,-1
main,E2_sas_ref,0.4,RFF-MCC-180,15,-0.8605542778968811,-1.1620374917984009,-1,-1,-1,-1
main,E2_sas_ref,0.4,RFF-MCC-180,16,-1.1812078952789307,-1.464879035949707,-1,-1,-1,-1
main,E2_sas_ref,0.4,RFF-MCC-180,17,-1.6368790864944458,-2.0790936946868896,-1,-1,-1,-1
main,E2_sas_ref,0.4,RFF-MCC-180,18,-1.3379687070846558,-1.6488173007965088,-1,-1,-1,-1
main,E2_sas_ref,0.4,RFF-MCC-180,19,-1.5500603914260864,-1.7692723274230957,-1,-1,-1,-1
main,E2_sas_ref,0.4,NKP-RFF-MCC,0,-1.5620801448822021,-1.853405475616455,-1,-1,-1,-1
main,E2_sas_ref,0.4,NKP-RFF-MCC,1,-1.213207483291626,-1.5187658071517944,-1,-1,-1,-1
main,E2_sas_ref,0.4,NKP-RFF-MCC,2,-1.6191580295562744,-2.1253154277801514,-1,-1,-1,-1
main,E2_sas_ref,0.4,NKP-RFF-MCC,3,-1.6567661762237549,-1.909851312637329,-1,-1,-1,-1
main,E2_sas_ref,0.4,NKP-RFF-MCC,4,-1.749829888343811,-2.1269049644470215,-1,-1,-1,-1
main,E2_sas_ref,0.4,NKP-RFF-MCC,5,-1.7814671993255615,-2.0702197551727295,-1,-1,-1,-1
main,E2_sas_ref,0.4,NKP-RFF-MCC,6,-1.5817103385925293,-1.9758315086364746,-1,-1,-1,-1
main,E2_sas_ref,0.4,NKP-RFF-MCC,7,-1.6215263605117798,-1.9763669967651367,-1,-1,-1,-1
main,E2_sas_ref,0.4,NKP-RFF-MCC,8,-1.3475263118743896,-1.576326608657837,-1,-1,-1,-1
main,E2_sas_ref,0.4,NKP-RFF-MCC,9,-1.6368188858032227,-2.1122028827667236,-1,-1,-1,-1
main,E2_sas_ref,0.4,NKP-RFF-MCC,10,-1.525130033493042,-2.0734975337982178,-1,-1,-1,-1
main,E2_sas_ref,0.4,NKP-RFF-MCC,11,-1.2987996339797974,-1.5705552101135254,-1,-1,-1,-1
main,E2_sas_ref,0.4,NKP-RFF-MCC,12,-1.474587082862854,-2.0828487873077393,-1,-1,-1,-1
main,E2_sas_ref,0.4,NKP-RFF-MCC,13,-1.4743508100509644,-1.886427402496338,-1,-1,-1,-1
main,E2_sas_ref,0.4,NKP-RFF-MCC,14,-1.4607726335525513,-1.874938726425171,-1,-1,-1,-1
main,E2_sas_ref,0.4,NKP-RFF-MCC,15,-1.697331428527832,-2.019360303878784,-1,-1,-1,-1
main,E2_sas_ref,0.4,NKP-RFF-MCC,16,-1.3022496700286865,-1.6137529611587524,-1,-1,-1,-1
main,E2_sas_ref,0.4,NKP-RFF-MCC,17,-2.0683932304382324,-2.595768451690674,-1,-1,-1,-1
main,E2_sas_ref,0.4,NKP-RFF-MCC,18,-1.7782248258590698,-2.0399599075317383,-1,-1,-1,-1
main,E2_sas_ref,0.4,NKP-RFF-MCC,19,-1.8831266164779663,-2.1528193950653076,-1,-1,-1,-1
main,E2_sas_ref,0.8,RFF-NLMS,0,0.30148401856422424,-1.4754664897918701,-1,-1,-1,-1
main,E2_sas_ref,0.8,RFF-NLMS,1,0.44936221837997437,-1.9709113836288452,-1,-1,-1,-1
main,E2_sas_ref,0.8,RFF-NLMS,2,0.24555666744709015,-1.1105529069900513,-1,-1,-1,-1
main,E2_sas_ref,0.8,RFF-NLMS,3,0.8299268484115601,-1.1211163997650146,-1,-1,-1,-1
main,E2_sas_ref,0.8,RFF-NLMS,4,0.2515433728694916,-1.6046971082687378,-1,-1,-1,-1
main,E2_sas_ref,0.8,RFF-NLMS,5,0.5680108070373535,-1.148695707321167,-1,-1,-1,-1
main,E2_sas_ref,0.8,RFF-NLMS,6,0.5795723795890808,-1.1559250354766846,-1,-1,-1,-1
main,E2_sas_ref,0.8,RFF-NLMS,7,0.7742394804954529,-1.2785776853561401,-1,-1,-1,-1
main,E2_sas_ref,0.8,RFF-NLMS,8,0.75128173828125,-0.6535828113555908,-1,-1,-1,-1
main,E2_sas_ref,0.8,RFF-NLMS,9,0.27128666639328003,-1.4411207437515259,-1,-1,-1,-1
main,E2_sas_ref,0.8,RFF-NLMS,10,0.9917336106300354,-0.6958171725273132,-1,-1,-1,-1
main,E2_sas_ref,0.8,RFF-NLMS,11,0.5748967528343201,-1.2201874256134033,-1,-1,-1,-1
main,E2_sas_ref,0.8,RFF-NLMS,12,0.5411615371704102,-1.448291301727295,-1,-1,-1,-1
main,E2_sas_ref,0.8,RFF-NLMS,13,0.5399935841560364,-1.3638932704925537,-1,-1,-1,-1
main,E2_sas_ref,0.8,RFF-NLMS,14,0.9686074256896973,-0.9512803554534912,-1,-1,-1,-1
main,E2_sas_ref,0.8,RFF-NLMS,15,0.19198860228061676,-1.0207741260528564,-1,-1,-1,-1
main,E2_sas_ref,0.8,RFF-NLMS,16,0.19533689320087433,-0.9775918126106262,-1,-1,-1,-1
main,E2_sas_ref,0.8,RFF-NLMS,17,0.7160845994949341,-1.8594026565551758,-1,-1,-1,-1
main,E2_sas_ref,0.8,RFF-NLMS,18,0.5967903137207031,-2.1557888984680176,-1,-1,-1,-1
main,E2_sas_ref,0.8,RFF-NLMS,19,0.4251920282840729,-0.9615974426269531,-1,-1,-1,-1
main,E2_sas_ref,0.8,RFF-MCC,0,-2.16412353515625,-2.6715452671051025,-1,-1,-1,-1
main,E2_sas_ref,0.8,RFF-MCC,1,-1.935521125793457,-2.617994546890259,-1,-1,-1,-1
main,E2_sas_ref,0.8,RFF-MCC,2,-2.059518814086914,-2.7310359477996826,-1,-1,-1,-1
main,E2_sas_ref,0.8,RFF-MCC,3,-1.7120654582977295,-2.1125576496124268,-1,-1,-1,-1
main,E2_sas_ref,0.8,RFF-MCC,4,-2.1704647541046143,-2.6506452560424805,-1,-1,-1,-1
main,E2_sas_ref,0.8,RFF-MCC,5,-1.9208953380584717,-2.4496617317199707,-1,-1,-1,-1
main,E2_sas_ref,0.8,RFF-MCC,6,-1.7489898204803467,-2.4999096393585205,-1,-1,-1,-1
main,E2_sas_ref,0.8,RFF-MCC,7,-1.5622572898864746,-2.0705387592315674,-1,-1,-1,-1
main,E2_sas_ref,0.8,RFF-MCC,8,-1.8377792835235596,-2.205101490020752,-1,-1,-1,-1
main,E2_sas_ref,0.8,RFF-MCC,9,-2.2628402709960938,-2.704108238220215,-1,-1,-1,-1
main,E2_sas_ref,0.8,RFF-MCC,10,-1.7079367637634277,-2.1339855194091797,-1,-1,-1,-1
main,E2_sas_ref,0.8,RFF-MCC,11,-1.9657557010650635,-2.4171528816223145,-1,-1,-1,-1
main,E2_sas_ref,0.8,RFF-MCC,12,-2.131901502609253,-2.486314535140991,-1,-1,-1,-1
main,E2_sas_ref,0.8,RFF-MCC,13,-1.9709378480911255,-2.23463773727417,-1,-1,-1,-1
main,E2_sas_ref,0.8,RFF-MCC,14,-1.6258755922317505,-2.3839449882507324,-1,-1,-1,-1
main,E2_sas_ref,0.8,RFF-MCC,15,-2.1546401977539062,-2.5529098510742188,-1,-1,-1,-1
main,E2_sas_ref,0.8,RFF-MCC,16,-2.039031744003296,-2.4135873317718506,-1,-1,-1,-1
main,E2_sas_ref,0.8,RFF-MCC,17,-1.7467693090438843,-2.1508865356445312,-1,-1,-1,-1
main,E2_sas_ref,0.8,RFF-MCC,18,-1.8185734748840332,-2.357680082321167,-1,-1,-1,-1
main,E2_sas_ref,0.8,RFF-MCC,19,-2.112492084503174,-2.527484178543091,-1,-1,-1,-1
main,E2_sas_ref,0.8,RFF-MCC-180,0,-0.6396322846412659,-1.2771271467208862,-1,-1,-1,-1
main,E2_sas_ref,0.8,RFF-MCC-180,1,-0.502821683883667,-0.9080693125724792,-1,-1,-1,-1
main,E2_sas_ref,0.8,RFF-MCC-180,2,-0.7034673094749451,-1.325946569442749,-1,-1,-1,-1
main,E2_sas_ref,0.8,RFF-MCC-180,3,-0.46237000823020935,-0.691257655620575,-1,-1,-1,-1
main,E2_sas_ref,0.8,RFF-MCC-180,4,-0.7622962594032288,-1.1849639415740967,-1,-1,-1,-1
main,E2_sas_ref,0.8,RFF-MCC-180,5,-0.7205812335014343,-1.0793613195419312,-1,-1,-1,-1
main,E2_sas_ref,0.8,RFF-MCC-180,6,-0.9748767614364624,-1.6548774242401123,-1,-1,-1,-1
main,E2_sas_ref,0.8,RFF-MCC-180,7,-0.3054402768611908,-0.6315485239028931,-1,-1,-1,-1
main,E2_sas_ref,0.8,RFF-MCC-180,8,-1.0010087490081787,-1.2924834489822388,-1,-1,-1,-1
main,E2_sas_ref,0.8,RFF-MCC-180,9,-0.807849645614624,-1.0457239151000977,-1,-1,-1,-1
main,E2_sas_ref,0.8,RFF-MCC-180,10,-0.5708692073822021,-0.809342622756958,-1,-1,-1,-1
main,E2_sas_ref,0.8,RFF-MCC-180,11,-0.7945359349250793,-1.141435980796814,-1,-1,-1,-1
main,E2_sas_ref,0.8,RFF-MCC-180,12,-0.9337729215621948,-1.2548469305038452,-1,-1,-1,-1
main,E2_sas_ref,0.8,RFF-MCC-180,13,-0.2223469763994217,-0.5740986466407776,-1,-1,-1,-1
main,E2_sas_ref,0.8,RFF-MCC-180,14,-0.1538349837064743,-0.7519783973693848,-1,-1,-1,-1
main,E2_sas_ref,0.8,RFF-MCC-180,15,-0.8923449516296387,-1.2163442373275757,-1,-1,-1,-1
main,E2_sas_ref,0.8,RFF-MCC-180,16,-0.6476889848709106,-1.0375089645385742,-1,-1,-1,-1
main,E2_sas_ref,0.8,RFF-MCC-180,17,-0.5440018773078918,-0.8282501101493835,-1,-1,-1,-1
main,E2_sas_ref,0.8,RFF-MCC-180,18,-0.5446512699127197,-1.8019660711288452,-1,-1,-1,-1
main,E2_sas_ref,0.8,RFF-MCC-180,19,-0.7133253216743469,-0.9227744936943054,-1,-1,-1,-1
main,E2_sas_ref,0.8,NKP-RFF-MCC,0,-1.334460973739624,-1.7342123985290527,-1,-1,-1,-1
main,E2_sas_ref,0.8,NKP-RFF-MCC,1,-0.8928080201148987,-1.3072985410690308,-1,-1,-1,-1
main,E2_sas_ref,0.8,NKP-RFF-MCC,2,-1.0236146450042725,-1.5994632244110107,-1,-1,-1,-1
main,E2_sas_ref,0.8,NKP-RFF-MCC,3,-0.9546203017234802,-1.3369139432907104,-1,-1,-1,-1
main,E2_sas_ref,0.8,NKP-RFF-MCC,4,-1.359334945678711,-1.7283917665481567,-1,-1,-1,-1
main,E2_sas_ref,0.8,NKP-RFF-MCC,5,-0.9847332239151001,-1.3443377017974854,-1,-1,-1,-1
main,E2_sas_ref,0.8,NKP-RFF-MCC,6,-1.039029836654663,-1.4533369541168213,-1,-1,-1,-1
main,E2_sas_ref,0.8,NKP-RFF-MCC,7,-0.7542858719825745,-1.1136723756790161,-1,-1,-1,-1
main,E2_sas_ref,0.8,NKP-RFF-MCC,8,-1.2062233686447144,-1.505065679550171,-1,-1,-1,-1
main,E2_sas_ref,0.8,NKP-RFF-MCC,9,-1.307038426399231,-1.6156734228134155,-1,-1,-1,-1
main,E2_sas_ref,0.8,NKP-RFF-MCC,10,-0.844972550868988,-1.1222832202911377,-1,-1,-1,-1
main,E2_sas_ref,0.8,NKP-RFF-MCC,11,-1.093138575553894,-1.3179535865783691,-1,-1,-1,-1
main,E2_sas_ref,0.8,NKP-RFF-MCC,12,-1.3485994338989258,-1.6100279092788696,-1,-1,-1,-1
main,E2_sas_ref,0.8,NKP-RFF-MCC,13,-1.1073386669158936,-1.371101975440979,-1,-1,-1,-1
main,E2_sas_ref,0.8,NKP-RFF-MCC,14,-0.8284520506858826,-1.329644799232483,-1,-1,-1,-1
main,E2_sas_ref,0.8,NKP-RFF-MCC,15,-1.2576271295547485,-1.5296660661697388,-1,-1,-1,-1
main,E2_sas_ref,0.8,NKP-RFF-MCC,16,-0.9664840698242188,-1.235168218612671,-1,-1,-1,-1
main,E2_sas_ref,0.8,NKP-RFF-MCC,17,-0.9638240337371826,-1.3786839246749878,-1,-1,-1,-1
main,E2_sas_ref,0.8,NKP-RFF-MCC,18,-1.0746781826019287,-1.6215190887451172,-1,-1,-1,-1
main,E2_sas_ref,0.8,NKP-RFF-MCC,19,-1.3699575662612915,-1.6239991188049316,-1,-1,-1,-1
main,E3_gauss,0.05,RFF-NLMS,0,-10.835721969604492,-11.244527816772461,3355,11796,-1,-1
main,E3_gauss,0.05,RFF-NLMS,1,-11.016484260559082,-11.594086647033691,3136,8653,-1,-1
main,E3_gauss,0.05,RFF-NLMS,2,-11.014763832092285,-11.429750442504883,3007,11465,-1,-1
main,E3_gauss,0.05,RFF-NLMS,3,-9.805976867675781,-10.595361709594727,3738,13418,-1,-1
main,E3_gauss,0.05,RFF-NLMS,4,-11.024296760559082,-11.758517265319824,3004,9965,-1,-1
main,E3_gauss,0.05,RFF-NLMS,5,-11.090271949768066,-11.985005378723145,2626,8619,-1,-1
main,E3_gauss,0.05,RFF-NLMS,6,-11.225979804992676,-11.805541038513184,2493,8624,-1,-1
main,E3_gauss,0.05,RFF-NLMS,7,-11.046791076660156,-11.617557525634766,2839,9821,-1,-1
main,E3_gauss,0.05,RFF-NLMS,8,-10.764752388000488,-11.23509407043457,3153,13705,-1,-1
main,E3_gauss,0.05,RFF-NLMS,9,-10.421581268310547,-10.926990509033203,3211,11967,-1,-1
main,E3_gauss,0.05,RFF-NLMS,10,-10.421786308288574,-10.936959266662598,3187,9611,-1,-1
main,E3_gauss,0.05,RFF-NLMS,11,-11.03679370880127,-11.640186309814453,3033,10211,-1,-1
main,E3_gauss,0.05,RFF-NLMS,12,-10.718111038208008,-11.162696838378906,3167,12285,-1,-1
main,E3_gauss,0.05,RFF-NLMS,13,-10.740813255310059,-11.31119441986084,3113,9425,-1,-1
main,E3_gauss,0.05,RFF-NLMS,14,-10.865141868591309,-11.495427131652832,2855,11072,-1,-1
main,E3_gauss,0.05,RFF-NLMS,15,-10.816834449768066,-11.270853996276855,3182,10829,-1,-1
main,E3_gauss,0.05,RFF-NLMS,16,-11.46673583984375,-11.954110145568848,2819,9851,-1,-1
main,E3_gauss,0.05,RFF-NLMS,17,-11.34000015258789,-11.8209810256958,3371,11244,-1,-1
main,E3_gauss,0.05,RFF-NLMS,18,-11.274394035339355,-11.80825138092041,3207,9594,-1,-1
main,E3_gauss,0.05,RFF-NLMS,19,-10.906805038452148,-11.415473937988281,3212,12142,-1,-1
main,E3_gauss,0.05,RFF-MCC,0,-10.803730964660645,-11.218331336975098,4029,12588,-1,-1
main,E3_gauss,0.05,RFF-MCC,1,-10.997322082519531,-11.548306465148926,3749,10422,-1,-1
main,E3_gauss,0.05,RFF-MCC,2,-10.988670349121094,-11.390740394592285,3734,11987,-1,-1
main,E3_gauss,0.05,RFF-MCC,3,-9.795480728149414,-10.518758773803711,4171,16807,-1,-1
main,E3_gauss,0.05,RFF-MCC,4,-11.016854286193848,-11.735198020935059,3626,10520,-1,-1
main,E3_gauss,0.05,RFF-MCC,5,-11.069822311401367,-11.882650375366211,3385,8945,-1,-1
main,E3_gauss,0.05,RFF-MCC,6,-11.240428924560547,-11.814254760742188,2979,9305,-1,-1
main,E3_gauss,0.05,RFF-MCC,7,-11.012112617492676,-11.638525009155273,3282,10533,-1,-1
main,E3_gauss,0.05,RFF-MCC,8,-10.729565620422363,-11.17210578918457,3703,14013,-1,-1
main,E3_gauss,0.05,RFF-MCC,9,-10.361983299255371,-10.877389907836914,3796,15041,-1,-1
main,E3_gauss,0.05,RFF-MCC,10,-10.387626647949219,-10.829845428466797,3769,12731,-1,-1
main,E3_gauss,0.05,RFF-MCC,11,-10.998281478881836,-11.587233543395996,3536,11854,-1,-1
main,E3_gauss,0.05,RFF-MCC,12,-10.682282447814941,-11.161325454711914,4031,12611,-1,-1
main,E3_gauss,0.05,RFF-MCC,13,-10.722631454467773,-11.290061950683594,3886,11340,-1,-1
main,E3_gauss,0.05,RFF-MCC,14,-10.833014488220215,-11.464349746704102,3443,11677,-1,-1
main,E3_gauss,0.05,RFF-MCC,15,-10.792804718017578,-11.276751518249512,3675,13738,-1,-1
main,E3_gauss,0.05,RFF-MCC,16,-11.439900398254395,-11.954398155212402,3608,10094,-1,-1
main,E3_gauss,0.05,RFF-MCC,17,-11.290966033935547,-11.77295207977295,3874,11994,-1,-1
main,E3_gauss,0.05,RFF-MCC,18,-11.265798568725586,-11.793807983398438,3720,10437,-1,-1
main,E3_gauss,0.05,RFF-MCC,19,-10.90215015411377,-11.418584823608398,3920,12302,-1,-1
main,E3_gauss,0.05,RFF-MCC-180,0,-7.49700927734375,-8.065778732299805,4923,-1,-1,-1
main,E3_gauss,0.05,RFF-MCC-180,1,-7.8510422706604,-8.311664581298828,4726,-1,-1,-1
main,E3_gauss,0.05,RFF-MCC-180,2,-7.674514293670654,-8.124460220336914,4369,-1,-1,-1
main,E3_gauss,0.05,RFF-MCC-180,3,-6.288951396942139,-6.829812526702881,7050,-1,-1,-1
main,E3_gauss,0.05,RFF-MCC-180,4,-8.601675987243652,-9.142969131469727,4243,-1,-1,-1
main,E3_gauss,0.05,RFF-MCC-180,5,-7.930018901824951,-8.595734596252441,4716,-1,-1,-1
main,E3_gauss,0.05,RFF-MCC-180,6,-7.339744567871094,-7.819834232330322,4601,-1,-1,-1
main,E3_gauss,0.05,RFF-MCC-180,7,-7.383318901062012,-7.923266410827637,4901,-1,-1,-1
main,E3_gauss,0.05,RFF-MCC-180,8,-8.074843406677246,-8.570765495300293,4089,-1,-1,-1
main,E3_gauss,0.05,RFF-MCC-180,9,-7.226934432983398,-7.800767421722412,5630,-1,-1,-1
main,E3_gauss,0.05,RFF-MCC-180,10,-7.829617977142334,-8.695710182189941,3579,-1,-1,-1
main,E3_gauss,0.05,RFF-MCC-180,11,-8.011256217956543,-8.733476638793945,3695,-1,-1,-1
main,E3_gauss,0.05,RFF-MCC-180,12,-8.034001350402832,-8.393668174743652,4978,-1,-1,-1
main,E3_gauss,0.05,RFF-MCC-180,13,-7.6676554679870605,-8.200403213500977,4189,-1,-1,-1
main,E3_gauss,0.05,RFF-MCC-180,14,-8.134981155395508,-8.622554779052734,4235,-1,-1,-1
main,E3_gauss,0.05,RFF-MCC-180,15,-8.572026252746582,-8.95994758605957,3621,-1,-1,-1
main,E3_gauss,0.05,RFF-MCC-180,16,-8.638479232788086,-9.089827537536621,3942,-1,-1,-1
main,E3_gauss,0.05,RFF-MCC-180,17,-7.23186731338501,-7.562170505523682,6274,-1,-1,-1
main,E3_gauss,0.05,RFF-MCC-180,18,-8.76172924041748,-9.307936668395996,3709,-1,-1,-1
main,E3_gauss,0.05,RFF-MCC-180,19,-6.860309600830078,-7.194882869720459,7499,-1,-1,-1
main,E3_gauss,0.05,NKP-RFF-MCC,0,-8.123005867004395,-8.547657012939453,4868,-1,-1,-1
main,E3_gauss,0.05,NKP-RFF-MCC,1,-7.9084248542785645,-8.478017807006836,4257,-1,-1,-1
main,E3_gauss,0.05,NKP-RFF-MCC,2,-8.342148780822754,-8.75242805480957,3512,-1,-1,-1
main,E3_gauss,0.05,NKP-RFF-MCC,3,-7.3479766845703125,-8.017534255981445,5642,-1,-1,-1
main,E3_gauss,0.05,NKP-RFF-MCC,4,-8.616512298583984,-9.105218887329102,3043,-1,-1,-1
main,E3_gauss,0.05,NKP-RFF-MCC,5,-8.22067642211914,-8.867871284484863,3478,-1,-1,-1
main,E3_gauss,0.05,NKP-RFF-MCC,6,-8.808648109436035,-9.291975021362305,2965,-1,-1,-1
main,E3_gauss,0.05,NKP-RFF-MCC,7,-8.194046020507812,-8.733436584472656,3021,-1,-1,-1
main,E3_gauss,0.05,NKP-RFF-MCC,8,-7.6180419921875,-8.135041236877441,3703,-1,-1,-1
main,E3_gauss,0.05,NKP-RFF-MCC,9,-7.975976467132568,-8.429174423217773,4217,-1,-1,-1
main,E3_gauss,0.05,NKP-RFF-MCC,10,-7.556393623352051,-7.9052534103393555,3434,-1,-1,-1
main,E3_gauss,0.05,NKP-RFF-MCC,11,-7.8820319175720215,-8.367286682128906,3509,-1,-1,-1
main,E3_gauss,0.05,NKP-RFF-MCC,12,-7.8277716636657715,-8.45804500579834,5220,-1,-1,-1
main,E3_gauss,0.05,NKP-RFF-MCC,13,-7.670642852783203,-8.100786209106445,3741,-1,-1,-1
main,E3_gauss,0.05,NKP-RFF-MCC,14,-8.185540199279785,-8.554071426391602,3842,-1,-1,-1
main,E3_gauss,0.05,NKP-RFF-MCC,15,-8.248477935791016,-8.50062370300293,2866,-1,-1,-1
main,E3_gauss,0.05,NKP-RFF-MCC,16,-8.992496490478516,-9.389452934265137,3231,-1,-1,-1
main,E3_gauss,0.05,NKP-RFF-MCC,17,-8.422582626342773,-8.91686725616455,3789,-1,-1,-1
main,E3_gauss,0.05,NKP-RFF-MCC,18,-8.099862098693848,-8.546278953552246,3102,-1,-1,-1
main,E3_gauss,0.05,NKP-RFF-MCC,19,-7.749695301055908,-8.253809928894043,4436,-1,-1,-1
main,E3_gauss,0.1,RFF-NLMS,0,-11.627400398254395,-12.098085403442383,1706,5297,-1,-1
main,E3_gauss,0.1,RFF-NLMS,1,-11.025853157043457,-11.783174514770508,1632,4726,-1,-1
main,E3_gauss,0.1,RFF-NLMS,2,-11.56148910522461,-12.11817741394043,1628,5523,-1,-1
main,E3_gauss,0.1,RFF-NLMS,3,-10.880693435668945,-11.150821685791016,1755,6897,-1,-1
main,E3_gauss,0.1,RFF-NLMS,4,-11.474931716918945,-12.04837703704834,1640,4935,-1,-1
main,E3_gauss,0.1,RFF-NLMS,5,-11.251233100891113,-11.956171989440918,1797,5778,-1,-1
main,E3_gauss,0.1,RFF-NLMS,6,-11.235574722290039,-11.652831077575684,1663,6631,-1,-1
main,E3_gauss,0.1,RFF-NLMS,7,-11.044270515441895,-11.560497283935547,1817,6262,-1,-1
main,E3_gauss,0.1,RFF-NLMS,8,-10.972049713134766,-11.504168510437012,2052,7618,-1,-1
main,E3_gauss,0.1,RFF-NLMS,9,-11.43382453918457,-11.902610778808594,1840,6302,-1,-1
main,E3_gauss,0.1,RFF-NLMS,10,-11.142401695251465,-11.735695838928223,1846,6090,-1,-1
main,E3_gauss,0.1,RFF-NLMS,11,-11.078335762023926,-11.68242359161377,1735,6256,-1,-1
main,E3_gauss,0.1,RFF-NLMS,12,-10.846297264099121,-11.765090942382812,1755,7157,-1,-1
main,E3_gauss,0.1,RFF-NLMS,13,-11.545219421386719,-11.981645584106445,1841,5223,-1,-1
main,E3_gauss,0.1,RFF-NLMS,14,-11.251941680908203,-12.258013725280762,1565,4488,-1,-1
main,E3_gauss,0.1,RFF-NLMS,15,-11.083686828613281,-11.547772407531738,1912,6576,-1,-1
main,E3_gauss,0.1,RFF-NLMS,16,-11.92733097076416,-12.421210289001465,1697,5390,-1,-1
main,E3_gauss,0.1,RFF-NLMS,17,-10.933911323547363,-11.6974458694458,2013,10034,-1,-1
main,E3_gauss,0.1,RFF-NLMS,18,-11.035045623779297,-11.702811241149902,1973,5797,-1,-1
main,E3_gauss,0.1,RFF-NLMS,19,-11.304088592529297,-11.769643783569336,1684,5471,-1,-1
main,E3_gauss,0.1,RFF-MCC,0,-11.609338760375977,-12.074257850646973,2159,6801,-1,-1
main,E3_gauss,0.1,RFF-MCC,1,-11.098267555236816,-11.781636238098145,2050,6233,-1,-1
main,E3_gauss,0.1,RFF-MCC,2,-11.599270820617676,-12.137181282043457,2003,5714,-1,-1
main,E3_gauss,0.1,RFF-MCC,3,-10.935462951660156,-11.214255332946777,2261,8098,-1,-1
main,E3_gauss,0.1,RFF-MCC,4,-11.468001365661621,-12.014853477478027,2047,6270,-1,-1
main,E3_gauss,0.1,RFF-MCC,5,-11.272029876708984,-11.986786842346191,2173,5901,-1,-1
main,E3_gauss,0.1,RFF-MCC,6,-11.27426528930664,-11.702832221984863,2015,6716,-1,-1
main,E3_gauss,0.1,RFF-MCC,7,-11.09001636505127,-11.637007713317871,2191,6476,-1,-1
main,E3_gauss,0.1,RFF-MCC,8,-10.995782852172852,-11.529730796813965,2590,8615,-1,-1
main,E3_gauss,0.1,RFF-MCC,9,-11.44654369354248,-11.912166595458984,2217,7143,-1,-1
main,E3_gauss,0.1,RFF-MCC,10,-11.177976608276367,-11.758426666259766,2232,6346,-1,-1
main,E3_gauss,0.1,RFF-MCC,11,-11.110804557800293,-11.713424682617188,2163,6358,-1,-1
main,E3_gauss,0.1,RFF-MCC,12,-10.86281967163086,-11.748095512390137,2152,7279,-1,-1
main,E3_gauss,0.1,RFF-MCC,13,-11.581541061401367,-12.00625228881836,2314,6518,-1,-1
main,E3_gauss,0.1,RFF-MCC,14,-11.279296875,-12.312108039855957,1991,5786,-1,-1
main,E3_gauss,0.1,RFF-MCC,15,-11.083296775817871,-11.548776626586914,2342,7394,-1,-1
main,E3_gauss,0.1,RFF-MCC,16,-11.929545402526855,-12.416115760803223,2113,5591,-1,-1
main,E3_gauss,0.1,RFF-MCC,17,-10.992600440979004,-11.720648765563965,2422,10070,-1,-1
main,E3_gauss,0.1,RFF-MCC,18,-11.092538833618164,-11.74937915802002,2304,7148,-1,-1
main,E3_gauss,0.1,RFF-MCC,19,-11.317855834960938,-11.759968757629395,2155,6020,-1,-1
main,E3_gauss,0.1,RFF-MCC-180,0,-8.920761108398438,-9.544795036315918,2573,-1,-1,-1
main,E3_gauss,0.1,RFF-MCC-180,1,-8.137795448303223,-8.924613952636719,2361,-1,-1,-1
main,E3_gauss,0.1,RFF-MCC-180,2,-8.11545181274414,-8.708308219909668,2381,-1,-1,-1
main,E3_gauss,0.1,RFF-MCC-180,3,-7.557623386383057,-8.031241416931152,3225,-1,-1,-1
main,E3_gauss,0.1,RFF-MCC-180,4,-8.128730773925781,-8.583122253417969,2251,-1,-1,-1
main,E3_gauss,0.1,RFF-MCC-180,5,-8.303651809692383,-9.096016883850098,2382,-1,-1,-1
main,E3_gauss,0.1,RFF-MCC-180,6,-7.593653678894043,-7.913708686828613,2874,-1,-1,-1
main,E3_gauss,0.1,RFF-MCC-180,7,-8.502790451049805,-9.165313720703125,2288,-1,-1,-1
main,E3_gauss,0.1,RFF-MCC-180,8,-8.20116901397705,-8.876497268676758,2903,-1,-1,-1
main,E3_gauss,0.1,RFF-MCC-180,9,-8.222626686096191,-8.67220687866211,2814,-1,-1,-1
main,E3_gauss,0.1,RFF-MCC-180,10,-7.254195213317871,-7.768214225769043,3127,-1,-1,-1
main,E3_gauss,0.1,RFF-MCC-180,11,-7.296000957489014,-7.710602283477783,3281,-1,-1,-1
main,E3_gauss,0.1,RFF-MCC-180,12,-7.729865550994873,-8.41600227355957,2787,-1,-1,-1
main,E3_gauss,0.1,RFF-MCC-180,13,-7.59666109085083,-8.022721290588379,3167,-1,-1,-1
main,E3_gauss,0.1,RFF-MCC-180,14,-7.661516189575195,-8.341690063476562,2620,-1,-1,-1
main,E3_gauss,0.1,RFF-MCC-180,15,-8.03528881072998,-8.437771797180176,2740,-1,-1,-1
main,E3_gauss,0.1,RFF-MCC-180,16,-8.429464340209961,-8.921869277954102,2601,-1,-1,-1
main,E3_gauss,0.1,RFF-MCC-180,17,-7.971996784210205,-8.82166862487793,2632,-1,-1,-1
main,E3_gauss,0.1,RFF-MCC-180,18,-7.495418548583984,-7.903334140777588,4075,-1,-1,-1
main,E3_gauss,0.1,RFF-MCC-180,19,-8.103271484375,-8.585880279541016,2468,-1,-1,-1
main,E3_gauss,0.1,NKP-RFF-MCC,0,-8.752891540527344,-9.34980297088623,2061,-1,-1,-1
main,E3_gauss,0.1,NKP-RFF-MCC,1,-8.62870979309082,-9.31308364868164,1639,-1,-1,-1
main,E3_gauss,0.1,NKP-RFF-MCC,2,-8.48324966430664,-8.846020698547363,2282,-1,-1,-1
main,E3_gauss,0.1,NKP-RFF-MCC,3,-7.9714202880859375,-8.3523588180542,1875,-1,-1,-1
main,E3_gauss,0.1,NKP-RFF-MCC,4,-8.563332557678223,-9.055179595947266,1683,-1,-1,-1
main,E3_gauss,0.1,NKP-RFF-MCC,5,-8.278493881225586,-8.847221374511719,2190,-1,-1,-1
main,E3_gauss,0.1,NKP-RFF-MCC,6,-8.2196683883667,-8.788764953613281,2396,-1,-1,-1
main,E3_gauss,0.1,NKP-RFF-MCC,7,-7.75628137588501,-8.34708309173584,2367,-1,-1,-1
main,E3_gauss,0.1,NKP-RFF-MCC,8,-8.230591773986816,-9.009918212890625,3615,-1,-1,-1
main,E3_gauss,0.1,NKP-RFF-MCC,9,-8.59945297241211,-9.112588882446289,2609,-1,-1,-1
main,E3_gauss,0.1,NKP-RFF-MCC,10,-8.353811264038086,-8.807818412780762,3041,-1,-1,-1
main,E3_gauss,0.1,NKP-RFF-MCC,11,-7.845757961273193,-8.313263893127441,3239,-1,-1,-1
main,E3_gauss,0.1,NKP-RFF-MCC,12,-7.9889421463012695,-8.791017532348633,2468,-1,-1,-1
main,E3_gauss,0.1,NKP-RFF-MCC,13,-8.248889923095703,-8.7088041305542,2264,-1,-1,-1
main,E3_gauss,0.1,NKP-RFF-MCC,14,-9.070108413696289,-9.940932273864746,1509,-1,-1,-1
main,E3_gauss,0.1,NKP-RFF-MCC,15,-7.736264228820801,-8.139312744140625,2760,-1,-1,-1
main,E3_gauss,0.1,NKP-RFF-MCC,16,-9.263586044311523,-9.771770477294922,2325,-1,-1,-1
main,E3_gauss,0.1,NKP-RFF-MCC,17,-8.369671821594238,-9.195572853088379,2446,-1,-1,-1
main,E3_gauss,0.1,NKP-RFF-MCC,18,-8.213177680969238,-8.594069480895996,2288,-1,-1,-1
main,E3_gauss,0.1,NKP-RFF-MCC,19,-8.715246200561523,-9.110960006713867,2140,-1,-1,-1
main,E3_gauss,0.2,RFF-NLMS,0,-10.917841911315918,-11.777605056762695,1043,6101,-1,-1
main,E3_gauss,0.2,RFF-NLMS,1,-11.314973831176758,-11.932958602905273,1040,4060,-1,-1
main,E3_gauss,0.2,RFF-NLMS,2,-11.250697135925293,-11.859109878540039,939,3544,-1,-1
main,E3_gauss,0.2,RFF-NLMS,3,-11.249258041381836,-11.90103816986084,960,3492,-1,-1
main,E3_gauss,0.2,RFF-NLMS,4,-11.320189476013184,-11.783096313476562,877,4150,-1,-1
main,E3_gauss,0.2,RFF-NLMS,5,-11.089211463928223,-11.75011920928955,1094,7087,-1,-1
main,E3_gauss,0.2,RFF-NLMS,6,-11.640022277832031,-12.12324333190918,996,4184,-1,-1
main,E3_gauss,0.2,RFF-NLMS,7,-10.901883125305176,-11.62477970123291,1107,4762,-1,-1
main,E3_gauss,0.2,RFF-NLMS,8,-11.460721969604492,-12.12213134765625,991,4244,-1,-1
main,E3_gauss,0.2,RFF-NLMS,9,-10.678642272949219,-11.468095779418945,1055,4577,-1,-1
main,E3_gauss,0.2,RFF-NLMS,10,-11.477993965148926,-12.165545463562012,885,4371,-1,-1
main,E3_gauss,0.2,RFF-NLMS,11,-11.224909782409668,-12.175836563110352,971,4951,-1,-1
main,E3_gauss,0.2,RFF-NLMS,12,-11.470049858093262,-11.955342292785645,875,5915,-1,-1
main,E3_gauss,0.2,RFF-NLMS,13,-11.751968383789062,-12.239995002746582,864,4357,-1,-1
main,E3_gauss,0.2,RFF-NLMS,14,-11.077360153198242,-12.297708511352539,964,4079,-1,-1
main,E3_gauss,0.2,RFF-NLMS,15,-11.315032005310059,-11.913457870483398,944,3914,-1,-1
main,E3_gauss,0.2,RFF-NLMS,16,-11.259033203125,-11.942967414855957,1095,4262,-1,-1
main,E3_gauss,0.2,RFF-NLMS,17,-11.634542465209961,-12.046627044677734,937,4024,-1,-1
main,E3_gauss,0.2,RFF-NLMS,18,-10.753396034240723,-11.334139823913574,1099,6874,-1,-1
main,E3_gauss,0.2,RFF-NLMS,19,-11.488677024841309,-12.299776077270508,967,3948,-1,-1
main,E3_gauss,0.2,RFF-MCC,0,-11.05629825592041,-11.86083698272705,1366,6105,-1,-1
main,E3_gauss,0.2,RFF-MCC,1,-11.420501708984375,-12.034520149230957,1263,4605,-1,-1
main,E3_gauss,0.2,RFF-MCC,2,-11.342119216918945,-11.947216987609863,1172,4981,-1,-1
main,E3_gauss,0.2,RFF-MCC,3,-11.360953330993652,-11.978646278381348,1166,3727,-1,-1
main,E3_gauss,0.2,RFF-MCC,4,-11.47492504119873,-11.924355506896973,1093,4187,-1,-1
main,E3_gauss,0.2,RFF-MCC,5,-11.162862777709961,-11.826333999633789,1332,5665,-1,-1
main,E3_gauss,0.2,RFF-MCC,6,-11.711730003356934,-12.176629066467285,1359,4239,-1,-1
main,E3_gauss,0.2,RFF-MCC,7,-11.005162239074707,-11.667925834655762,1404,4801,-1,-1
main,E3_gauss,0.2,RFF-MCC,8,-11.5744047164917,-12.186667442321777,1239,4420,-1,-1
main,E3_gauss,0.2,RFF-MCC,9,-10.77336311340332,-11.512946128845215,1387,4903,-1,-1
main,E3_gauss,0.2,RFF-MCC,10,-11.561960220336914,-12.235803604125977,1196,4472,-1,-1
main,E3_gauss,0.2,RFF-MCC,11,-11.317750930786133,-12.245842933654785,1248,4974,-1,-1
main,E3_gauss,0.2,RFF-MCC,12,-11.569356918334961,-12.036481857299805,1132,5893,-1,-1
main,E3_gauss,0.2,RFF-MCC,13,-11.835861206054688,-12.36131763458252,1154,4359,-1,-1
main,E3_gauss,0.2,RFF-MCC,14,-11.168013572692871,-12.344511985778809,1134,4333,-1,-1
main,E3_gauss,0.2,RFF-MCC,15,-11.442607879638672,-11.994975090026855,1177,3969,-1,-1
main,E3_gauss,0.2,RFF-MCC,16,-11.373151779174805,-12.040565490722656,1322,4573,-1,-1
main,E3_gauss,0.2,RFF-MCC,17,-11.71792221069336,-12.116677284240723,1186,4256,-1,-1
main,E3_gauss,0.2,RFF-MCC,18,-10.83154296875,-11.419781684875488,1287,6872,-1,-1
main,E3_gauss,0.2,RFF-MCC,19,-11.580702781677246,-12.328106880187988,1221,4237,-1,-1
main,E3_gauss,0.2,RFF-MCC-180,0,-7.577423572540283,-8.593209266662598,1814,-1,-1,-1
main,E3_gauss,0.2,RFF-MCC-180,1,-7.4617390632629395,-8.01108169555664,2068,-1,-1,-1
main,E3_gauss,0.2,RFF-MCC-180,2,-8.05984115600586,-8.547026634216309,1274,-1,-1,-1
main,E3_gauss,0.2,RFF-MCC-180,3,-7.873473644256592,-8.551064491271973,1668,-1,-1,-1
main,E3_gauss,0.2,RFF-MCC-180,4,-7.203299045562744,-7.94744873046875,1943,-1,-1,-1
main,E3_gauss,0.2,RFF-MCC-180,5,-7.681509494781494,-8.091621398925781,1986,-1,-1,-1
main,E3_gauss,0.2,RFF-MCC-180,6,-7.706773281097412,-8.307093620300293,2068,-1,-1,-1
main,E3_gauss,0.2,RFF-MCC-180,7,-7.035660743713379,-7.810219764709473,1997,-1,-1,-1
main,E3_gauss,0.2,RFF-MCC-180,8,-8.33739948272705,-8.71076488494873,1633,-1,-1,-1
main,E3_gauss,0.2,RFF-MCC-180,9,-7.217559337615967,-7.9405059814453125,1886,-1,-1,-1
main,E3_gauss,0.2,RFF-MCC-180,10,-8.444511413574219,-9.05085277557373,1317,-1,-1,-1
main,E3_gauss,0.2,RFF-MCC-180,11,-8.345541954040527,-9.243729591369629,1468,-1,-1,-1
main,E3_gauss,0.2,RFF-MCC-180,12,-7.231582164764404,-7.653569221496582,1989,-1,-1,-1
main,E3_gauss,0.2,RFF-MCC-180,13,-8.111930847167969,-8.748939514160156,1335,-1,-1,-1
main,E3_gauss,0.2,RFF-MCC-180,14,-7.289981365203857,-8.135907173156738,1609,-1,-1,-1
main,E3_gauss,0.2,RFF-MCC-180,15,-7.356020450592041,-7.915427207946777,1924,-1,-1,-1
main,E3_gauss,0.2,RFF-MCC-180,16,-6.181491851806641,-6.9004034996032715,3474,-1,-1,-1
main,E3_gauss,0.2,RFF-MCC-180,17,-7.670450210571289,-8.179056167602539,1572,-1,-1,-1
main,E3_gauss,0.2,RFF-MCC-180,18,-6.745436668395996,-7.314183235168457,1756,-1,-1,-1
main,E3_gauss,0.2,RFF-MCC-180,19,-8.88095760345459,-9.66297435760498,1498,-1,-1,-1
main,E3_gauss,0.2,NKP-RFF-MCC,0,-7.9829421043396,-8.64824104309082,1528,-1,-1,-1
main,E3_gauss,0.2,NKP-RFF-MCC,1,-8.612334251403809,-9.274292945861816,1790,-1,-1,-1
main,E3_gauss,0.2,NKP-RFF-MCC,2,-8.58957576751709,-9.195588111877441,1786,-1,-1,-1
main,E3_gauss,0.2,NKP-RFF-MCC,3,-8.706494331359863,-9.403021812438965,1733,-1,-1,-1
main,E3_gauss,0.2,NKP-RFF-MCC,4,-8.411431312561035,-8.970125198364258,1338,-1,-1,-1
main,E3_gauss,0.2,NKP-RFF-MCC,5,-8.329133033752441,-8.910903930664062,1542,-1,-1,-1
main,E3_gauss,0.2,NKP-RFF-MCC,6,-7.699434280395508,-8.191343307495117,1826,-1,-1,-1
main,E3_gauss,0.2,NKP-RFF-MCC,7,-8.063690185546875,-8.50631332397461,1660,-1,-1,-1
main,E3_gauss,0.2,NKP-RFF-MCC,8,-8.374722480773926,-8.86697769165039,1599,-1,-1,-1
main,E3_gauss,0.2,NKP-RFF-MCC,9,-7.816426753997803,-8.32673454284668,2154,-1,-1,-1
main,E3_gauss,0.2,NKP-RFF-MCC,10,-8.36900806427002,-9.084275245666504,1466,-1,-1,-1
main,E3_gauss,0.2,NKP-RFF-MCC,11,-8.106391906738281,-8.879521369934082,1420,-1,-1,-1
main,E3_gauss,0.2,NKP-RFF-MCC,12,-8.809670448303223,-9.222975730895996,2027,-1,-1,-1
main,E3_gauss,0.2,NKP-RFF-MCC,13,-8.453572273254395,-8.879890441894531,1573,-1,-1,-1
main,E3_gauss,0.2,NKP-RFF-MCC,14,-8.4804048538208,-9.43776798248291,1053,-1,-1,-1
main,E3_gauss,0.2,NKP-RFF-MCC,15,-8.413481712341309,-8.819174766540527,1346,-1,-1,-1
main,E3_gauss,0.2,NKP-RFF-MCC,16,-8.749977111816406,-9.304165840148926,1397,-1,-1,-1
main,E3_gauss,0.2,NKP-RFF-MCC,17,-8.480023384094238,-8.846478462219238,1504,-1,-1,-1
main,E3_gauss,0.2,NKP-RFF-MCC,18,-7.482000827789307,-7.998329162597656,1565,-1,-1,-1
main,E3_gauss,0.2,NKP-RFF-MCC,19,-8.24913215637207,-8.84791374206543,1613,-1,-1,-1
main,E3_gauss,0.4,RFF-NLMS,0,-10.118800163269043,-10.895668029785156,741,6504,-1,-1
main,E3_gauss,0.4,RFF-NLMS,1,-10.2257080078125,-10.762429237365723,702,5428,-1,-1
main,E3_gauss,0.4,RFF-NLMS,2,-10.7506742477417,-11.311501502990723,662,3656,-1,-1
main,E3_gauss,0.4,RFF-NLMS,3,-10.702569961547852,-11.38020133972168,505,4194,-1,-1
main,E3_gauss,0.4,RFF-NLMS,4,-11.001026153564453,-11.825387954711914,453,2945,-1,-1
main,E3_gauss,0.4,RFF-NLMS,5,-11.157395362854004,-11.798033714294434,533,2502,-1,-1
main,E3_gauss,0.4,RFF-NLMS,6,-10.883025169372559,-11.614874839782715,618,4530,-1,-1
main,E3_gauss,0.4,RFF-NLMS,7,-10.109068870544434,-10.920129776000977,590,4719,-1,-1
main,E3_gauss,0.4,RFF-NLMS,8,-10.646062850952148,-11.208483695983887,620,4738,-1,-1
main,E3_gauss,0.4,RFF-NLMS,9,-10.552976608276367,-11.0416898727417,525,5895,-1,-1
main,E3_gauss,0.4,RFF-NLMS,10,-9.914709091186523,-10.91923999786377,556,6562,-1,-1
main,E3_gauss,0.4,RFF-NLMS,11,-11.5316801071167,-12.486790657043457,463,3230,-1,-1
main,E3_gauss,0.4,RFF-NLMS,12,-10.583324432373047,-11.461058616638184,450,4823,-1,-1
main,E3_gauss,0.4,RFF-NLMS,13,-10.420768737792969,-11.084795951843262,664,6003,-1,-1
main,E3_gauss,0.4,RFF-NLMS,14,-10.968570709228516,-11.357909202575684,465,2742,-1,-1
main,E3_gauss,0.4,RFF-NLMS,15,-10.080467224121094,-10.961893081665039,720,8502,-1,-1
main,E3_gauss,0.4,RFF-NLMS,16,-10.346399307250977,-10.928535461425781,678,5229,-1,-1
main,E3_gauss,0.4,RFF-NLMS,17,-10.205979347229004,-10.824740409851074,625,5868,-1,-1
main,E3_gauss,0.4,RFF-NLMS,18,-10.624275207519531,-11.230607032775879,622,6433,-1,-1
main,E3_gauss,0.4,RFF-NLMS,19,-10.653271675109863,-11.386848449707031,661,5318,-1,-1
main,E3_gauss,0.4,RFF-MCC,0,-10.285513877868652,-11.131148338317871,889,6491,-1,-1
main,E3_gauss,0.4,RFF-MCC,1,-10.44251537322998,-10.975678443908691,798,4014,-1,-1
main,E3_gauss,0.4,RFF-MCC,2,-10.917570114135742,-11.508837699890137,856,3687,-1,-1
main,E3_gauss,0.4,RFF-MCC,3,-10.874920845031738,-11.521764755249023,625,3909,-1,-1
main,E3_gauss,0.4,RFF-MCC,4,-11.178647994995117,-12.002745628356934,597,2954,-1,-1
main,E3_gauss,0.4,RFF-MCC,5,-11.326068878173828,-11.955212593078613,671,2518,-1,-1
main,E3_gauss,0.4,RFF-MCC,6,-11.073751449584961,-11.759076118469238,779,4409,-1,-1
main,E3_gauss,0.4,RFF-MCC,7,-10.345130920410156,-11.09265422821045,740,4589,-1,-1
main,E3_gauss,0.4,RFF-MCC,8,-10.80950927734375,-11.345541000366211,764,4522,-1,-1
main,E3_gauss,0.4,RFF-MCC,9,-10.731497764587402,-11.249029159545898,687,5865,-1,-1
main,E3_gauss,0.4,RFF-MCC,10,-10.202642440795898,-11.121145248413086,736,5986,-1,-1
main,E3_gauss,0.4,RFF-MCC,11,-11.722744941711426,-12.615842819213867,603,3244,-1,-1
main,E3_gauss,0.4,RFF-MCC,12,-10.84623908996582,-11.678410530090332,724,4781,-1,-1
main,E3_gauss,0.4,RFF-MCC,13,-10.59731674194336,-11.1798095703125,821,5895,-1,-1
main,E3_gauss,0.4,RFF-MCC,14,-11.210443496704102,-11.633320808410645,580,2795,-1,-1
main,E3_gauss,0.4,RFF-MCC,15,-10.24686050415039,-11.13406753540039,880,7381,-1,-1
main,E3_gauss,0.4,RFF-MCC,16,-10.591069221496582,-11.159048080444336,804,5143,-1,-1
main,E3_gauss,0.4,RFF-MCC,17,-10.404181480407715,-11.026165962219238,844,5561,-1,-1
main,E3_gauss,0.4,RFF-MCC,18,-10.760135650634766,-11.346943855285645,747,5527,-1,-1
main,E3_gauss,0.4,RFF-MCC,19,-10.83971118927002,-11.594691276550293,927,5202,-1,-1
main,E3_gauss,0.4,RFF-MCC-180,0,-6.340485095977783,-7.051692485809326,1731,-1,-1,-1
main,E3_gauss,0.4,RFF-MCC-180,1,-6.080466270446777,-6.622817516326904,1891,-1,-1,-1
main,E3_gauss,0.4,RFF-MCC-180,2,-6.861654758453369,-7.566386699676514,1282,-1,-1,-1
main,E3_gauss,0.4,RFF-MCC-180,3,-7.185172080993652,-8.233406066894531,868,-1,-1,-1
main,E3_gauss,0.4,RFF-MCC-180,4,-7.760244369506836,-8.34557819366455,868,-1,-1,-1
main,E3_gauss,0.4,RFF-MCC-180,5,-7.514820098876953,-8.205105781555176,905,-1,-1,-1
main,E3_gauss,0.4,RFF-MCC-180,6,-7.182778358459473,-7.810060024261475,1161,-1,-1,-1
main,E3_gauss,0.4,RFF-MCC-180,7,-7.253726482391357,-8.056711196899414,828,-1,-1,-1
main,E3_gauss,0.4,RFF-MCC-180,8,-6.944123268127441,-7.592367649078369,1191,-1,-1,-1
main,E3_gauss,0.4,RFF-MCC-180,9,-7.415890693664551,-8.00078296661377,963,-1,-1,-1
main,E3_gauss,0.4,RFF-MCC-180,10,-6.101507663726807,-7.0834059715271,2024,-1,-1,-1
main,E3_gauss,0.4,RFF-MCC-180,11,-8.13580322265625,-8.713959693908691,983,-1,-1,-1
main,E3_gauss,0.4,RFF-MCC-180,12,-6.926143646240234,-7.703704833984375,973,-1,-1,-1
main,E3_gauss,0.4,RFF-MCC-180,13,-7.4513092041015625,-8.109930992126465,1071,-1,-1,-1
main,E3_gauss,0.4,RFF-MCC-180,14,-8.676153182983398,-9.014633178710938,605,-1,-1,-1
main,E3_gauss,0.4,RFF-MCC-180,15,-5.825023651123047,-6.660077095031738,1753,-1,-1,-1
main,E3_gauss,0.4,RFF-MCC-180,16,-6.55654239654541,-7.0845136642456055,1217,-1,-1,-1
main,E3_gauss,0.4,RFF-MCC-180,17,-6.161964416503906,-6.911986351013184,1633,-1,-1,-1
main,E3_gauss,0.4,RFF-MCC-180,18,-7.111196994781494,-8.050813674926758,1246,-1,-1,-1
main,E3_gauss,0.4,RFF-MCC-180,19,-6.767051696777344,-7.764657974243164,1397,-1,-1,-1
main,E3_gauss,0.4,NKP-RFF-MCC,0,-7.418097019195557,-8.188555717468262,1145,-1,-1,-1
main,E3_gauss,0.4,NKP-RFF-MCC,1,-7.812518119812012,-8.343435287475586,2071,-1,-1,-1
main,E3_gauss,0.4,NKP-RFF-MCC,2,-7.858623504638672,-8.415251731872559,1708,-1,-1,-1
main,E3_gauss,0.4,NKP-RFF-MCC,3,-8.06669807434082,-8.765665054321289,696,-1,-1,-1
main,E3_gauss,0.4,NKP-RFF-MCC,4,-7.875003814697266,-8.43810749053955,819,-1,-1,-1
main,E3_gauss,0.4,NKP-RFF-MCC,5,-8.076727867126465,-8.905938148498535,1120,-1,-1,-1
main,E3_gauss,0.4,NKP-RFF-MCC,6,-7.593170166015625,-8.259790420532227,1399,-1,-1,-1
main,E3_gauss,0.4,NKP-RFF-MCC,7,-7.223875045776367,-7.680433750152588,1584,-1,-1,-1
main,E3_gauss,0.4,NKP-RFF-MCC,8,-7.717325210571289,-8.324195861816406,1077,-1,-1,-1
main,E3_gauss,0.4,NKP-RFF-MCC,9,-7.85282564163208,-8.291890144348145,1043,-1,-1,-1
main,E3_gauss,0.4,NKP-RFF-MCC,10,-7.165212631225586,-8.095037460327148,1846,-1,-1,-1
main,E3_gauss,0.4,NKP-RFF-MCC,11,-8.024986267089844,-8.701472282409668,1232,-1,-1,-1
main,E3_gauss,0.4,NKP-RFF-MCC,12,-7.492435932159424,-8.345155715942383,1449,-1,-1,-1
main,E3_gauss,0.4,NKP-RFF-MCC,13,-7.585741996765137,-8.160988807678223,1694,-1,-1,-1
main,E3_gauss,0.4,NKP-RFF-MCC,14,-8.626935958862305,-9.029492378234863,755,-1,-1,-1
main,E3_gauss,0.4,NKP-RFF-MCC,15,-6.849851608276367,-7.554209232330322,1344,-1,-1,-1
main,E3_gauss,0.4,NKP-RFF-MCC,16,-7.554729461669922,-8.212666511535645,1089,-1,-1,-1
main,E3_gauss,0.4,NKP-RFF-MCC,17,-7.2040205001831055,-7.808130264282227,1447,-1,-1,-1
main,E3_gauss,0.4,NKP-RFF-MCC,18,-7.940061092376709,-8.55721378326416,1261,-1,-1,-1
main,E3_gauss,0.4,NKP-RFF-MCC,19,-7.647698402404785,-8.342536926269531,1546,-1,-1,-1
main,E3_gauss,0.8,RFF-NLMS,0,-9.149834632873535,-9.682870864868164,389,-1,-1,-1
main,E3_gauss,0.8,RFF-NLMS,1,-8.57507610321045,-10.076860427856445,434,22353,-1,-1
main,E3_gauss,0.8,RFF-NLMS,2,-8.802888870239258,-9.43154239654541,369,-1,-1,-1
main,E3_gauss,0.8,RFF-NLMS,3,-9.279452323913574,-9.935603141784668,367,-1,-1,-1
main,E3_gauss,0.8,RFF-NLMS,4,-8.791399002075195,-9.60489559173584,384,-1,-1,-1
main,E3_gauss,0.8,RFF-NLMS,5,-9.189559936523438,-9.754683494567871,365,-1,-1,-1
main,E3_gauss,0.8,RFF-NLMS,6,-9.025521278381348,-10.266289710998535,298,20064,-1,-1
main,E3_gauss,0.8,RFF-NLMS,7,-8.854500770568848,-9.589122772216797,322,-1,-1,-1
main,E3_gauss,0.8,RFF-NLMS,8,-9.698328018188477,-10.296467781066895,309,27555,-1,-1
main,E3_gauss,0.8,RFF-NLMS,9,-8.696131706237793,-9.410604476928711,344,-1,-1,-1
main,E3_gauss,0.8,RFF-NLMS,10,-9.438413619995117,-10.27301025390625,396,26976,-1,-1
main,E3_gauss,0.8,RFF-NLMS,11,-9.896498680114746,-10.78129768371582,335,7348,-1,-1
main,E3_gauss,0.8,RFF-NLMS,12,-9.578628540039062,-10.089324951171875,413,12814,-1,-1
main,E3_gauss,0.8,RFF-NLMS,13,-8.25679874420166,-8.605955123901367,565,-1,-1,-1
main,E3_gauss,0.8,RFF-NLMS,14,-8.926714897155762,-10.489737510681152,327,12265,-1,-1
main,E3_gauss,0.8,RFF-NLMS,15,-9.067317008972168,-10.165029525756836,319,11701,-1,-1
main,E3_gauss,0.8,RFF-NLMS,16,-9.498522758483887,-9.906852722167969,481,-1,-1,-1
main,E3_gauss,0.8,RFF-NLMS,17,-8.995247840881348,-9.649303436279297,469,-1,-1,-1
main,E3_gauss,0.8,RFF-NLMS,18,-9.826515197753906,-10.233242988586426,282,25495,-1,-1
main,E3_gauss,0.8,RFF-NLMS,19,-8.46985912322998,-9.417445182800293,376,-1,-1,-1
main,E3_gauss,0.8,RFF-MCC,0,-9.566529273986816,-10.072086334228516,466,19603,-1,-1
main,E3_gauss,0.8,RFF-MCC,1,-9.093050003051758,-10.368826866149902,507,21604,-1,-1
main,E3_gauss,0.8,RFF-MCC,2,-9.314467430114746,-9.885516166687012,436,-1,-1,-1
main,E3_gauss,0.8,RFF-MCC,3,-9.635852813720703,-10.231590270996094,409,18750,-1,-1
main,E3_gauss,0.8,RFF-MCC,4,-9.252283096313477,-10.074612617492676,447,9691,-1,-1
main,E3_gauss,0.8,RFF-MCC,5,-9.61013126373291,-10.078126907348633,431,7156,-1,-1
main,E3_gauss,0.8,RFF-MCC,6,-9.467638969421387,-10.622681617736816,473,19344,-1,-1
main,E3_gauss,0.8,RFF-MCC,7,-9.354257583618164,-10.093076705932617,486,10950,-1,-1
main,E3_gauss,0.8,RFF-MCC,8,-10.210281372070312,-10.768577575683594,410,10891,-1,-1
main,E3_gauss,0.8,RFF-MCC,9,-9.183699607849121,-9.856109619140625,465,-1,-1,-1
main,E3_gauss,0.8,RFF-MCC,10,-9.913658142089844,-10.628915786743164,413,8569,-1,-1
main,E3_gauss,0.8,RFF-MCC,11,-10.461627006530762,-11.174524307250977,390,6524,-1,-1
main,E3_gauss,0.8,RFF-MCC,12,-10.067981719970703,-10.50387954711914,494,8168,-1,-1
main,E3_gauss,0.8,RFF-MCC,13,-8.774605751037598,-9.070070266723633,813,-1,-1,-1
main,E3_gauss,0.8,RFF-MCC,14,-9.55090618133545,-10.769949913024902,399,4232,-1,-1
main,E3_gauss,0.8,RFF-MCC,15,-9.627050399780273,-10.566441535949707,405,10805,-1,-1
main,E3_gauss,0.8,RFF-MCC,16,-10.009908676147461,-10.40743637084961,548,10453,-1,-1
main,E3_gauss,0.8,RFF-MCC,17,-9.372176170349121,-10.044488906860352,590,12545,-1,-1
main,E3_gauss,0.8,RFF-MCC,18,-10.248537063598633,-10.60843276977539,381,6719,-1,-1
main,E3_gauss,0.8,RFF-MCC,19,-8.958490371704102,-9.802667617797852,446,-1,-1,-1
main,E3_gauss,0.8,RFF-MCC-180,0,-6.066835403442383,-6.613574504852295,834,-1,-1,-1
main,E3_gauss,0.8,RFF-MCC-180,1,-5.478374481201172,-6.209027290344238,1927,-1,-1,-1
main,E3_gauss,0.8,RFF-MCC-180,2,-6.017858982086182,-6.652899742126465,1498,-1,-1,-1
main,E3_gauss,0.8,RFF-MCC-180,3,-5.905883312225342,-6.6598286628723145,529,-1,-1,-1
main,E3_gauss,0.8,RFF-MCC-180,4,-4.753597736358643,-5.46024751663208,8240,-1,-1,-1
main,E3_gauss,0.8,RFF-MCC-180,5,-6.613093852996826,-7.442936420440674,645,-1,-1,-1
main,E3_gauss,0.8,RFF-MCC-180,6,-5.971927165985107,-6.583062171936035,692,-1,-1,-1
main,E3_gauss,0.8,RFF-MCC-180,7,-5.13696813583374,-5.765409469604492,1229,-1,-1,-1
main,E3_gauss,0.8,RFF-MCC-180,8,-7.638551712036133,-8.159784317016602,576,-1,-1,-1
main,E3_gauss,0.8,RFF-MCC-180,9,-5.413780689239502,-5.92125940322876,2175,-1,-1,-1
main,E3_gauss,0.8,RFF-MCC-180,10,-6.110894680023193,-6.903470993041992,869,-1,-1,-1
main,E3_gauss,0.8,RFF-MCC-180,11,-5.796943664550781,-6.5929765701293945,939,-1,-1,-1
main,E3_gauss,0.8,RFF-MCC-180,12,-6.061968803405762,-6.7929487228393555,968,-1,-1,-1
main,E3_gauss,0.8,RFF-MCC-180,13,-4.8127007484436035,-5.452517509460449,6058,-1,-1,-1
main,E3_gauss,0.8,RFF-MCC-180,14,-6.35071325302124,-7.187750339508057,651,-1,-1,-1
main,E3_gauss,0.8,RFF-MCC-180,15,-5.0635857582092285,-5.696154594421387,2772,-1,-1,-1
main,E3_gauss,0.8,RFF-MCC-180,16,-5.462184906005859,-5.896581649780273,1404,-1,-1,-1
main,E3_gauss,0.8,RFF-MCC-180,17,-5.6395368576049805,-6.182948112487793,1496,-1,-1,-1
main,E3_gauss,0.8,RFF-MCC-180,18,-5.824295520782471,-6.194543838500977,2141,-1,-1,-1
main,E3_gauss,0.8,RFF-MCC-180,19,-5.240853786468506,-5.88270902633667,1443,-1,-1,-1
main,E3_gauss,0.8,NKP-RFF-MCC,0,-7.154304027557373,-7.819952964782715,1388,-1,-1,-1
main,E3_gauss,0.8,NKP-RFF-MCC,1,-6.256860256195068,-7.1666717529296875,1784,-1,-1,-1
main,E3_gauss,0.8,NKP-RFF-MCC,2,-6.424441337585449,-7.072678089141846,2740,-1,-1,-1
main,E3_gauss,0.8,NKP-RFF-MCC,3,-7.167392253875732,-7.608130931854248,1085,-1,-1,-1
main,E3_gauss,0.8,NKP-RFF-MCC,4,-6.4860711097717285,-6.894039154052734,4360,-1,-1,-1
main,E3_gauss,0.8,NKP-RFF-MCC,5,-7.083393096923828,-7.616018772125244,2198,-1,-1,-1
main,E3_gauss,0.8,NKP-RFF-MCC,6,-6.153509140014648,-7.249566555023193,2251,-1,-1,-1
main,E3_gauss,0.8,NKP-RFF-MCC,7,-6.405898571014404,-6.827042579650879,1273,-1,-1,-1
main,E3_gauss,0.8,NKP-RFF-MCC,8,-8.192505836486816,-8.71558952331543,809,-1,-1,-1
main,E3_gauss,0.8,NKP-RFF-MCC,9,-6.6339263916015625,-7.050919532775879,2248,-1,-1,-1
main,E3_gauss,0.8,NKP-RFF-MCC,10,-7.024203300476074,-7.471090793609619,2161,-1,-1,-1
main,E3_gauss,0.8,NKP-RFF-MCC,11,-7.538117408752441,-7.964231491088867,1335,-1,-1,-1
main,E3_gauss,0.8,NKP-RFF-MCC,12,-7.14432954788208,-7.6571879386901855,2697,-1,-1,-1
main,E3_gauss,0.8,NKP-RFF-MCC,13,-6.265815734863281,-6.618830680847168,3273,-1,-1,-1
main,E3_gauss,0.8,NKP-RFF-MCC,14,-6.819182872772217,-7.6060590744018555,1064,-1,-1,-1
main,E3_gauss,0.8,NKP-RFF-MCC,15,-6.417274475097656,-7.373246669769287,2157,-1,-1,-1
main,E3_gauss,0.8,NKP-RFF-MCC,16,-6.694980621337891,-7.369032382965088,2791,-1,-1,-1
main,E3_gauss,0.8,NKP-RFF-MCC,17,-6.747591972351074,-7.2409539222717285,1879,-1,-1,-1
main,E3_gauss,0.8,NKP-RFF-MCC,18,-7.314356803894043,-7.648642539978027,1901,-1,-1,-1
main,E3_gauss,0.8,NKP-RFF-MCC,19,-6.070820331573486,-6.843527317047119,2279,-1,-1,-1
main,E4_sas_noise,0.05,RFF-NLMS,0,-10.195869445800781,-11.043800354003906,3042,10967,-1,-1
main,E4_sas_noise,0.05,RFF-NLMS,1,-8.298931121826172,-10.414589881896973,3287,16193,-1,-1
main,E4_sas_noise,0.05,RFF-NLMS,2,-10.162995338439941,-10.803902626037598,3202,18620,-1,-1
main,E4_sas_noise,0.05,RFF-NLMS,3,-10.684083938598633,-11.129549980163574,2994,10801,-1,-1
main,E4_sas_noise,0.05,RFF-NLMS,4,-10.43831729888916,-10.86825942993164,3201,13083,-1,-1
main,E4_sas_noise,0.05,RFF-NLMS,5,-9.780035972595215,-10.423800468444824,3577,27971,-1,-1
main,E4_sas_noise,0.05,RFF-NLMS,6,-10.348302841186523,-10.989238739013672,3131,12544,-1,-1
main,E4_sas_noise,0.05,RFF-NLMS,7,-9.033734321594238,-10.551027297973633,2837,12347,-1,-1
main,E4_sas_noise,0.05,RFF-NLMS,8,-9.949660301208496,-10.765533447265625,3115,11981,-1,-1
main,E4_sas_noise,0.05,RFF-NLMS,9,-10.62132740020752,-10.988494873046875,3074,16054,-1,-1
main,E4_sas_noise,0.05,RFF-NLMS,10,-10.398338317871094,-10.858938217163086,3001,16663,-1,-1
main,E4_sas_noise,0.05,RFF-NLMS,11,-9.822847366333008,-10.49852180480957,3358,18083,-1,-1
main,E4_sas_noise,0.05,RFF-NLMS,12,-10.533186912536621,-10.841142654418945,3156,18437,-1,-1
main,E4_sas_noise,0.05,RFF-NLMS,13,-10.081707954406738,-10.6115140914917,3676,11653,-1,-1
main,E4_sas_noise,0.05,RFF-NLMS,14,-10.299822807312012,-10.748169898986816,3254,15822,-1,-1
main,E4_sas_noise,0.05,RFF-NLMS,15,-10.563638687133789,-11.112360954284668,2887,10805,-1,-1
main,E4_sas_noise,0.05,RFF-NLMS,16,-10.019891738891602,-10.63508415222168,3292,17069,-1,-1
main,E4_sas_noise,0.05,RFF-NLMS,17,-10.343781471252441,-10.960878372192383,3168,14118,-1,-1
main,E4_sas_noise,0.05,RFF-NLMS,18,-10.369540214538574,-11.20899772644043,3245,20435,-1,-1
main,E4_sas_noise,0.05,RFF-NLMS,19,-10.553380012512207,-11.054754257202148,2848,15585,-1,-1
main,E4_sas_noise,0.05,RFF-MCC,0,-10.254556655883789,-11.052525520324707,3493,11202,-1,-1
main,E4_sas_noise,0.05,RFF-MCC,1,-9.449348449707031,-10.440951347351074,3843,16211,-1,-1
main,E4_sas_noise,0.05,RFF-MCC,2,-10.173554420471191,-10.784501075744629,3925,19243,-1,-1
main,E4_sas_noise,0.05,RFF-MCC,3,-10.652549743652344,-11.133405685424805,3572,11717,-1,-1
main,E4_sas_noise,0.05,RFF-MCC,4,-10.421603202819824,-10.867386817932129,4205,15431,-1,-1
main,E4_sas_noise,0.05,RFF-MCC,5,-9.784830093383789,-10.433844566345215,4356,27971,-1,-1
main,E4_sas_noise,0.05,RFF-MCC,6,-10.398273468017578,-11.027528762817383,3895,12644,-1,-1
main,E4_sas_noise,0.05,RFF-MCC,7,-9.615180969238281,-10.475080490112305,3724,15364,-1,-1
main,E4_sas_noise,0.05,RFF-MCC,8,-9.963186264038086,-10.743369102478027,3890,16303,-1,-1
main,E4_sas_noise,0.05,RFF-MCC,9,-10.584219932556152,-10.944222450256348,3687,17637,-1,-1
main,E4_sas_noise,0.05,RFF-MCC,10,-10.435741424560547,-10.855010032653809,3896,16875,-1,-1
main,E4_sas_noise,0.05,RFF-MCC,11,-9.912919044494629,-10.45055866241455,4069,18086,-1,-1
main,E4_sas_noise,0.05,RFF-MCC,12,-10.552682876586914,-10.835323333740234,3820,18744,-1,-1
main,E4_sas_noise,0.05,RFF-MCC,13,-10.09838581085205,-10.593794822692871,4304,14541,-1,-1
main,E4_sas_noise,0.05,RFF-MCC,14,-10.312651634216309,-10.74386978149414,3973,16063,-1,-1
main,E4_sas_noise,0.05,RFF-MCC,15,-10.565481185913086,-11.144606590270996,3652,12397,-1,-1
main,E4_sas_noise,0.05,RFF-MCC,16,-10.04037857055664,-10.662012100219727,4278,17156,-1,-1
main,E4_sas_noise,0.05,RFF-MCC,17,-10.471928596496582,-10.953874588012695,3694,16445,-1,-1
main,E4_sas_noise,0.05,RFF-MCC,18,-10.380081176757812,-11.2443265914917,3935,20422,-1,-1
main,E4_sas_noise,0.05,RFF-MCC,19,-10.581220626831055,-11.102561950683594,3409,14338,-1,-1
main,E4_sas_noise,0.05,RFF-MCC-180,0,-8.576568603515625,-9.28641128540039,3421,-1,-1,-1
main,E4_sas_noise,0.05,RFF-MCC-180,1,-6.876034259796143,-7.691253185272217,4720,-1,-1,-1
main,E4_sas_noise,0.05,RFF-MCC-180,2,-6.923172473907471,-7.441552639007568,5052,-1,-1,-1
main,E4_sas_noise,0.05,RFF-MCC-180,3,-7.362637519836426,-7.794455528259277,5007,-1,-1,-1
main,E4_sas_noise,0.05,RFF-MCC-180,4,-7.192051410675049,-7.930233478546143,5118,-1,-1,-1
main,E4_sas_noise,0.05,RFF-MCC-180,5,-7.1881608963012695,-7.6880035400390625,5023,-1,-1,-1
main,E4_sas_noise,0.05,RFF-MCC-180,6,-7.559624195098877,-8.135727882385254,4859,-1,-1,-1
main,E4_sas_noise,0.05,RFF-MCC-180,7,-7.02483606338501,-7.79965353012085,4392,-1,-1,-1
main,E4_sas_noise,0.05,RFF-MCC-180,8,-8.276283264160156,-8.895004272460938,3890,-1,-1,-1
main,E4_sas_noise,0.05,RFF-MCC-180,9,-7.816404819488525,-8.27181339263916,4537,-1,-1,-1
main,E4_sas_noise,0.05,RFF-MCC-180,10,-7.639344692230225,-8.106987953186035,5344,-1,-1,-1
main,E4_sas_noise,0.05,RFF-MCC-180,11,-6.90459680557251,-7.296477317810059,7208,-1,-1,-1
main,E4_sas_noise,0.05,RFF-MCC-180,12,-7.60756254196167,-7.993429183959961,4496,-1,-1,-1
main,E4_sas_noise,0.05,RFF-MCC-180,13,-7.698703289031982,-8.182160377502441,4955,-1,-1,-1
main,E4_sas_noise,0.05,RFF-MCC-180,14,-7.7630696296691895,-8.301605224609375,4233,-1,-1,-1
main,E4_sas_noise,0.05,RFF-MCC-180,15,-7.988099098205566,-8.50523853302002,4566,-1,-1,-1
main,E4_sas_noise,0.05,RFF-MCC-180,16,-7.670621871948242,-8.140698432922363,5452,-1,-1,-1
main,E4_sas_noise,0.05,RFF-MCC-180,17,-7.34951114654541,-7.77459192276001,4496,-1,-1,-1
main,E4_sas_noise,0.05,RFF-MCC-180,18,-7.536293029785156,-8.651487350463867,4374,-1,-1,-1
main,E4_sas_noise,0.05,RFF-MCC-180,19,-8.092955589294434,-8.827062606811523,3948,-1,-1,-1
main,E4_sas_noise,0.05,NKP-RFF-MCC,0,-7.484023571014404,-7.961115837097168,3354,-1,-1,-1
main,E4_sas_noise,0.05,NKP-RFF-MCC,1,-7.10827112197876,-7.839568614959717,4721,-1,-1,-1
main,E4_sas_noise,0.05,NKP-RFF-MCC,2,-7.709573268890381,-8.293000221252441,4160,-1,-1,-1
main,E4_sas_noise,0.05,NKP-RFF-MCC,3,-7.610713481903076,-7.976606369018555,3903,-1,-1,-1
main,E4_sas_noise,0.05,NKP-RFF-MCC,4,-7.628604888916016,-8.027552604675293,4704,-1,-1,-1
main,E4_sas_noise,0.05,NKP-RFF-MCC,5,-7.297025203704834,-7.829833507537842,4083,-1,-1,-1
main,E4_sas_noise,0.05,NKP-RFF-MCC,6,-8.129562377929688,-8.816631317138672,3339,-1,-1,-1
main,E4_sas_noise,0.05,NKP-RFF-MCC,7,-7.1195969581604,-7.868664741516113,2812,-1,-1,-1
main,E4_sas_noise,0.05,NKP-RFF-MCC,8,-7.347720146179199,-8.055612564086914,3772,-1,-1,-1
main,E4_sas_noise,0.05,NKP-RFF-MCC,9,-7.991968154907227,-8.26205825805664,4231,-1,-1,-1
main,E4_sas_noise,0.05,NKP-RFF-MCC,10,-7.97028112411499,-8.4716215133667,5010,-1,-1,-1
main,E4_sas_noise,0.05,NKP-RFF-MCC,11,-6.995010852813721,-7.544566631317139,4372,-1,-1,-1
main,E4_sas_noise,0.05,NKP-RFF-MCC,12,-7.818857669830322,-8.142702102661133,4062,-1,-1,-1
main,E4_sas_noise,0.05,NKP-RFF-MCC,13,-7.8282060623168945,-8.231992721557617,3946,-1,-1,-1
main,E4_sas_noise,0.05,NKP-RFF-MCC,14,-7.592898368835449,-8.076787948608398,4007,-1,-1,-1
main,E4_sas_noise,0.05,NKP-RFF-MCC,15,-7.889608383178711,-8.484781265258789,3849,-1,-1,-1
main,E4_sas_noise,0.05,NKP-RFF-MCC,16,-7.487421035766602,-8.061558723449707,4091,-1,-1,-1
main,E4_sas_noise,0.05,NKP-RFF-MCC,17,-7.9036359786987305,-8.360669136047363,3241,-1,-1,-1
main,E4_sas_noise,0.05,NKP-RFF-MCC,18,-8.093995094299316,-8.627602577209473,3904,-1,-1,-1
main,E4_sas_noise,0.05,NKP-RFF-MCC,19,-8.277649879455566,-8.86031436920166,3278,-1,-1,-1
main,E4_sas_noise,0.1,RFF-NLMS,0,-10.6758451461792,-11.176015853881836,1704,7959,-1,-1
main,E4_sas_noise,0.1,RFF-NLMS,1,-10.062524795532227,-10.903825759887695,1726,8829,-1,-1
main,E4_sas_noise,0.1,RFF-NLMS,2,-10.255126953125,-10.740401268005371,1977,8197,-1,-1
main,E4_sas_noise,0.1,RFF-NLMS,3,-10.366900444030762,-11.039172172546387,1792,11513,-1,-1
main,E4_sas_noise,0.1,RFF-NLMS,4,-10.85858154296875,-11.200450897216797,1688,7105,-1,-1
main,E4_sas_noise,0.1,RFF-NLMS,5,-10.31441879272461,-10.840622901916504,1944,17665,-1,-1
main,E4_sas_noise,0.1,RFF-NLMS,6,-9.968708992004395,-10.661629676818848,3793,13274,-1,-1
main,E4_sas_noise,0.1,RFF-NLMS,7,-10.073759078979492,-10.602240562438965,2049,9141,-1,-1
main,E4_sas_noise,0.1,RFF-NLMS,8,-10.677162170410156,-11.243025779724121,1996,6838,-1,-1
main,E4_sas_noise,0.1,RFF-NLMS,9,-10.804959297180176,-11.376148223876953,1841,10439,-1,-1
main,E4_sas_noise,0.1,RFF-NLMS,10,-10.560929298400879,-11.430347442626953,1643,5659,-1,-1
main,E4_sas_noise,0.1,RFF-NLMS,11,-10.317705154418945,-10.807236671447754,1863,18230,-1,-1
main,E4_sas_noise,0.1,RFF-NLMS,12,-10.364259719848633,-11.13154411315918,1882,12141,-1,-1
main,E4_sas_noise,0.1,RFF-NLMS,13,-10.575379371643066,-11.14235782623291,1805,8805,-1,-1
main,E4_sas_noise,0.1,RFF-NLMS,14,-10.082137107849121,-10.779332160949707,1674,6095,-1,-1
main,E4_sas_noise,0.1,RFF-NLMS,15,-10.424849510192871,-10.783238410949707,1930,7383,-1,-1
main,E4_sas_noise,0.1,RFF-NLMS,16,-10.223928451538086,-10.653009414672852,2180,7513,-1,-1
main,E4_sas_noise,0.1,RFF-NLMS,17,-9.49811840057373,-10.68775463104248,2174,13637,-1,-1
main,E4_sas_noise,0.1,RFF-NLMS,18,-10.19355583190918,-10.791781425476074,1921,9540,-1,-1
main,E4_sas_noise,0.1,RFF-NLMS,19,-10.163662910461426,-11.196096420288086,1871,7959,-1,-1
main,E4_sas_noise,0.1,RFF-MCC,0,-10.788228034973145,-11.385047912597656,2068,7957,-1,-1
main,E4_sas_noise,0.1,RFF-MCC,1,-10.32409381866455,-10.988834381103516,2296,8768,-1,-1
main,E4_sas_noise,0.1,RFF-MCC,2,-10.338590621948242,-10.754758834838867,2475,8316,-1,-1
main,E4_sas_noise,0.1,RFF-MCC,3,-10.410625457763672,-11.05842399597168,2188,11280,-1,-1
main,E4_sas_noise,0.1,RFF-MCC,4,-10.933500289916992,-11.321858406066895,2002,7129,-1,-1
main,E4_sas_noise,0.1,RFF-MCC,5,-10.567598342895508,-11.164615631103516,2331,8062,-1,-1
main,E4_sas_noise,0.1,RFF-MCC,6,-10.419873237609863,-11.216353416442871,2785,7546,-1,-1
main,E4_sas_noise,0.1,RFF-MCC,7,-10.23416805267334,-10.747137069702148,2331,9557,-1,-1
main,E4_sas_noise,0.1,RFF-MCC,8,-10.739640235900879,-11.285152435302734,2465,8132,-1,-1
main,E4_sas_noise,0.1,RFF-MCC,9,-10.867847442626953,-11.475323677062988,2225,10045,-1,-1
main,E4_sas_noise,0.1,RFF-MCC,10,-10.72400951385498,-11.494547843933105,2056,6306,-1,-1
main,E4_sas_noise,0.1,RFF-MCC,11,-10.610466003417969,-11.13232707977295,2264,13181,-1,-1
main,E4_sas_noise,0.1,RFF-MCC,12,-10.429656982421875,-11.176119804382324,2264,12095,-1,-1
main,E4_sas_noise,0.1,RFF-MCC,13,-10.619593620300293,-11.200485229492188,2220,9188,-1,-1
main,E4_sas_noise,0.1,RFF-MCC,14,-10.262332916259766,-10.85328483581543,2099,9830,-1,-1
main,E4_sas_noise,0.1,RFF-MCC,15,-10.443815231323242,-10.831816673278809,2288,11576,-1,-1
main,E4_sas_noise,0.1,RFF-MCC,16,-10.247734069824219,-10.700547218322754,2586,12730,-1,-1
main,E4_sas_noise,0.1,RFF-MCC,17,-9.834436416625977,-10.78803825378418,2777,13647,-1,-1
main,E4_sas_noise,0.1,RFF-MCC,18,-10.310770034790039,-10.973784446716309,2406,9543,-1,-1
main,E4_sas_noise,0.1,RFF-MCC,19,-10.373847961425781,-11.231378555297852,2227,8050,-1,-1
main,E4_sas_noise,0.1,RFF-MCC-180,0,-7.683950901031494,-8.459071159362793,2797,-1,-1,-1
main,E4_sas_noise,0.1,RFF-MCC-180,1,-7.754711627960205,-8.445196151733398,2536,-1,-1,-1
main,E4_sas_noise,0.1,RFF-MCC-180,2,-6.986400604248047,-7.5300798416137695,3023,-1,-1,-1
main,E4_sas_noise,0.1,RFF-MCC-180,3,-7.852331161499023,-8.442606925964355,2460,-1,-1,-1
main,E4_sas_noise,0.1,RFF-MCC-180,4,-7.28230619430542,-7.603484153747559,3524,-1,-1,-1
main,E4_sas_noise,0.1,RFF-MCC-180,5,-8.509843826293945,-9.034469604492188,2399,-1,-1,-1
main,E4_sas_noise,0.1,RFF-MCC-180,6,-7.980870246887207,-8.831400871276855,3318,-1,-1,-1
main,E4_sas_noise,0.1,RFF-MCC-180,7,-6.7137532234191895,-7.107169151306152,3673,-1,-1,-1
main,E4_sas_noise,0.1,RFF-MCC-180,8,-7.656564235687256,-8.122248649597168,3425,-1,-1,-1
main,E4_sas_noise,0.1,RFF-MCC-180,9,-7.556967258453369,-8.064994812011719,2610,-1,-1,-1
main,E4_sas_noise,0.1,RFF-MCC-180,10,-7.472039222717285,-8.21983814239502,3125,-1,-1,-1
main,E4_sas_noise,0.1,RFF-MCC-180,11,-8.857284545898438,-9.457669258117676,2318,-1,-1,-1
main,E4_sas_noise,0.1,RFF-MCC-180,12,-7.863714218139648,-8.377274513244629,2840,-1,-1,-1
main,E4_sas_noise,0.1,RFF-MCC-180,13,-6.969747066497803,-7.434590816497803,3756,-1,-1,-1
main,E4_sas_noise,0.1,RFF-MCC-180,14,-7.273797035217285,-8.138795852661133,3555,-1,-1,-1
main,E4_sas_noise,0.1,RFF-MCC-180,15,-7.495671272277832,-7.9558634757995605,3043,-1,-1,-1
main,E4_sas_noise,0.1,RFF-MCC-180,16,-6.799959182739258,-7.2617692947387695,3644,-1,-1,-1
main,E4_sas_noise,0.1,RFF-MCC-180,17,-6.597099781036377,-7.464106559753418,3554,-1,-1,-1
main,E4_sas_noise,0.1,RFF-MCC-180,18,-8.018500328063965,-8.530961036682129,2645,-1,-1,-1
main,E4_sas_noise,0.1,RFF-MCC-180,19,-7.537674427032471,-8.21346664428711,3432,-1,-1,-1
main,E4_sas_noise,0.1,NKP-RFF-MCC,0,-8.33513069152832,-8.765416145324707,3064,-1,-1,-1
main,E4_sas_noise,0.1,NKP-RFF-MCC,1,-7.75677490234375,-8.510637283325195,2242,-1,-1,-1
main,E4_sas_noise,0.1,NKP-RFF-MCC,2,-7.281171798706055,-7.623455047607422,2374,-1,-1,-1
main,E4_sas_noise,0.1,NKP-RFF-MCC,3,-7.672802925109863,-8.118216514587402,3446,-1,-1,-1
main,E4_sas_noise,0.1,NKP-RFF-MCC,4,-8.10773754119873,-8.561302185058594,2123,-1,-1,-1
main,E4_sas_noise,0.1,NKP-RFF-MCC,5,-8.128887176513672,-8.555753707885742,2446,-1,-1,-1
main,E4_sas_noise,0.1,NKP-RFF-MCC,6,-7.812902450561523,-8.541135787963867,3133,-1,-1,-1
main,E4_sas_noise,0.1,NKP-RFF-MCC,7,-7.800412654876709,-8.254560470581055,3021,-1,-1,-1
main,E4_sas_noise,0.1,NKP-RFF-MCC,8,-7.906561851501465,-8.39860725402832,3626,-1,-1,-1
main,E4_sas_noise,0.1,NKP-RFF-MCC,9,-8.302104949951172,-8.815237998962402,1881,-1,-1,-1
main,E4_sas_noise,0.1,NKP-RFF-MCC,10,-7.953110218048096,-8.623687744140625,2184,-1,-1,-1
main,E4_sas_noise,0.1,NKP-RFF-MCC,11,-8.410212516784668,-9.033143043518066,2499,-1,-1,-1
main,E4_sas_noise,0.1,NKP-RFF-MCC,12,-8.128061294555664,-8.690322875976562,2940,-1,-1,-1
main,E4_sas_noise,0.1,NKP-RFF-MCC,13,-8.091510772705078,-8.528512001037598,2087,-1,-1,-1
main,E4_sas_noise,0.1,NKP-RFF-MCC,14,-7.353581428527832,-7.815755844116211,3454,-1,-1,-1
main,E4_sas_noise,0.1,NKP-RFF-MCC,15,-7.556786060333252,-8.034568786621094,2516,-1,-1,-1
main,E4_sas_noise,0.1,NKP-RFF-MCC,16,-7.540992259979248,-7.994025230407715,3075,-1,-1,-1
main,E4_sas_noise,0.1,NKP-RFF-MCC,17,-7.0048828125,-7.63347864151001,3731,-1,-1,-1
main,E4_sas_noise,0.1,NKP-RFF-MCC,18,-7.7603960037231445,-8.228486061096191,2583,-1,-1,-1
main,E4_sas_noise,0.1,NKP-RFF-MCC,19,-8.199843406677246,-8.967741966247559,2200,-1,-1,-1
main,E4_sas_noise,0.2,RFF-NLMS,0,-10.087499618530273,-10.75220775604248,1159,9819,-1,-1
main,E4_sas_noise,0.2,RFF-NLMS,1,-9.981229782104492,-10.543720245361328,1269,8387,-1,-1
main,E4_sas_noise,0.2,RFF-NLMS,2,-10.07372760772705,-11.186771392822266,1186,6939,-1,-1
main,E4_sas_noise,0.2,RFF-NLMS,3,-10.106008529663086,-10.702193260192871,1118,8101,-1,-1
main,E4_sas_noise,0.2,RFF-NLMS,4,-10.077383041381836,-11.206473350524902,1048,5523,-1,-1
main,E4_sas_noise,0.2,RFF-NLMS,5,-10.492385864257812,-11.100976943969727,969,14773,-1,-1
main,E4_sas_noise,0.2,RFF-NLMS,6,-9.547879219055176,-10.786001205444336,1211,6923,-1,-1
main,E4_sas_noise,0.2,RFF-NLMS,7,-10.415589332580566,-11.030145645141602,1072,8299,-1,-1
main,E4_sas_noise,0.2,RFF-NLMS,8,-10.209894180297852,-10.588027954101562,1107,8420,-1,-1
main,E4_sas_noise,0.2,RFF-NLMS,9,-10.288710594177246,-10.991961479187012,1061,6985,-1,-1
main,E4_sas_noise,0.2,RFF-NLMS,10,-10.627971649169922,-11.185905456542969,1154,6783,-1,-1
main,E4_sas_noise,0.2,RFF-NLMS,11,-10.110156059265137,-11.14905834197998,1017,4737,-1,-1
main,E4_sas_noise,0.2,RFF-NLMS,12,-10.320652961730957,-10.82986831665039,1234,5363,-1,-1
main,E4_sas_noise,0.2,RFF-NLMS,13,-10.227499008178711,-10.871541976928711,1015,7836,-1,-1
main,E4_sas_noise,0.2,RFF-NLMS,14,-10.077881813049316,-10.900603294372559,1228,22677,-1,-1
main,E4_sas_noise,0.2,RFF-NLMS,15,-6.100828170776367,-10.109223365783691,1134,16642,-1,-1
main,E4_sas_noise,0.2,RFF-NLMS,16,-10.265617370605469,-10.718547821044922,1257,10031,-1,-1
main,E4_sas_noise,0.2,RFF-NLMS,17,-9.942375183105469,-10.705878257751465,1270,15284,-1,-1
main,E4_sas_noise,0.2,RFF-NLMS,18,-10.449446678161621,-10.850350379943848,1006,8575,-1,-1
main,E4_sas_noise,0.2,RFF-NLMS,19,-9.545242309570312,-10.830971717834473,1006,6234,-1,-1
main,E4_sas_noise,0.2,RFF-MCC,0,-10.428851127624512,-10.911243438720703,1344,8249,-1,-1
main,E4_sas_noise,0.2,RFF-MCC,1,-10.086020469665527,-10.596888542175293,1438,8275,-1,-1
main,E4_sas_noise,0.2,RFF-MCC,2,-10.632564544677734,-11.357881546020508,1411,6753,-1,-1
main,E4_sas_noise,0.2,RFF-MCC,3,-10.326910018920898,-10.76077938079834,1368,8082,-1,-1
main,E4_sas_noise,0.2,RFF-MCC,4,-10.601702690124512,-11.347159385681152,1243,5496,-1,-1
main,E4_sas_noise,0.2,RFF-MCC,5,-10.603614807128906,-11.187442779541016,1342,13126,-1,-1
main,E4_sas_noise,0.2,RFF-MCC,6,-9.830421447753906,-10.78896427154541,1494,6924,-1,-1
main,E4_sas_noise,0.2,RFF-MCC,7,-10.56810188293457,-11.15725326538086,1272,8215,-1,-1
main,E4_sas_noise,0.2,RFF-MCC,8,-10.402972221374512,-10.734796524047852,1369,8131,-1,-1
main,E4_sas_noise,0.2,RFF-MCC,9,-10.455954551696777,-11.111133575439453,1301,6835,-1,-1
main,E4_sas_noise,0.2,RFF-MCC,10,-10.883088111877441,-11.328424453735352,1480,6768,-1,-1
main,E4_sas_noise,0.2,RFF-MCC,11,-10.571844100952148,-11.339423179626465,1319,4786,-1,-1
main,E4_sas_noise,0.2,RFF-MCC,12,-10.441828727722168,-10.91323184967041,1497,5398,-1,-1
main,E4_sas_noise,0.2,RFF-MCC,13,-10.377002716064453,-10.981062889099121,1427,7239,-1,-1
main,E4_sas_noise,0.2,RFF-MCC,14,-10.38163948059082,-11.211774826049805,1529,14870,-1,-1
main,E4_sas_noise,0.2,RFF-MCC,15,-9.153045654296875,-10.54832935333252,1363,12424,-1,-1
main,E4_sas_noise,0.2,RFF-MCC,16,-10.454652786254883,-10.907912254333496,1508,6540,-1,-1
main,E4_sas_noise,0.2,RFF-MCC,17,-10.0501127243042,-10.803403854370117,1596,13954,-1,-1
main,E4_sas_noise,0.2,RFF-MCC,18,-10.794320106506348,-11.151335716247559,1245,8527,-1,-1
main,E4_sas_noise,0.2,RFF-MCC,19,-10.109946250915527,-11.186610221862793,1199,5892,-1,-1
main,E4_sas_noise,0.2,RFF-MCC-180,0,-6.742281913757324,-7.394258499145508,3144,-1,-1,-1
main,E4_sas_noise,0.2,RFF-MCC-180,1,-7.220224857330322,-7.836564064025879,1818,-1,-1,-1
main,E4_sas_noise,0.2,RFF-MCC-180,2,-7.421304702758789,-8.06933879852295,1872,-1,-1,-1
main,E4_sas_noise,0.2,RFF-MCC-180,3,-7.2639007568359375,-7.61656379699707,2146,-1,-1,-1
main,E4_sas_noise,0.2,RFF-MCC-180,4,-7.738081455230713,-8.356287956237793,1517,-1,-1,-1
main,E4_sas_noise,0.2,RFF-MCC-180,5,-7.776556968688965,-8.14913558959961,1920,-1,-1,-1
main,E4_sas_noise,0.2,RFF-MCC-180,6,-6.099483489990234,-6.980074405670166,2538,-1,-1,-1
main,E4_sas_noise,0.2,RFF-MCC-180,7,-6.920880317687988,-7.72587251663208,2030,-1,-1,-1
main,E4_sas_noise,0.2,RFF-MCC-180,8,-6.84500789642334,-7.500922679901123,1861,-1,-1,-1
main,E4_sas_noise,0.2,RFF-MCC-180,9,-7.359821796417236,-7.94954776763916,1698,-1,-1,-1
main,E4_sas_noise,0.2,RFF-MCC-180,10,-7.671003341674805,-8.247026443481445,1785,-1,-1,-1
main,E4_sas_noise,0.2,RFF-MCC-180,11,-7.162086486816406,-7.745392322540283,1930,-1,-1,-1
main,E4_sas_noise,0.2,RFF-MCC-180,12,-7.168070316314697,-7.592111110687256,2075,-1,-1,-1
main,E4_sas_noise,0.2,RFF-MCC-180,13,-6.997376441955566,-7.5587053298950195,2032,-1,-1,-1
main,E4_sas_noise,0.2,RFF-MCC-180,14,-7.24282169342041,-7.83516263961792,2154,-1,-1,-1
main,E4_sas_noise,0.2,RFF-MCC-180,15,-5.504542350769043,-6.621270179748535,2508,-1,-1,-1
main,E4_sas_noise,0.2,RFF-MCC-180,16,-7.136738300323486,-7.723884105682373,1868,-1,-1,-1
main,E4_sas_noise,0.2,RFF-MCC-180,17,-6.761976718902588,-7.5125732421875,2194,-1,-1,-1
main,E4_sas_noise,0.2,RFF-MCC-180,18,-7.5672736167907715,-8.007133483886719,2020,-1,-1,-1
main,E4_sas_noise,0.2,RFF-MCC-180,19,-7.370738506317139,-8.239508628845215,1588,-1,-1,-1
main,E4_sas_noise,0.2,NKP-RFF-MCC,0,-7.403186798095703,-7.900084495544434,3353,-1,-1,-1
main,E4_sas_noise,0.2,NKP-RFF-MCC,1,-7.189443111419678,-7.681898593902588,2776,-1,-1,-1
main,E4_sas_noise,0.2,NKP-RFF-MCC,2,-7.51743745803833,-8.22168254852295,2157,-1,-1,-1
main,E4_sas_noise,0.2,NKP-RFF-MCC,3,-8.02318286895752,-8.49415111541748,2197,-1,-1,-1
main,E4_sas_noise,0.2,NKP-RFF-MCC,4,-8.150458335876465,-8.628140449523926,1262,-1,-1,-1
main,E4_sas_noise,0.2,NKP-RFF-MCC,5,-7.977680683135986,-8.357306480407715,1625,-1,-1,-1
main,E4_sas_noise,0.2,NKP-RFF-MCC,6,-7.003445148468018,-7.539758682250977,2316,-1,-1,-1
main,E4_sas_noise,0.2,NKP-RFF-MCC,7,-7.63641881942749,-8.27498722076416,1931,-1,-1,-1
main,E4_sas_noise,0.2,NKP-RFF-MCC,8,-7.602606296539307,-8.213957786560059,1547,-1,-1,-1
main,E4_sas_noise,0.2,NKP-RFF-MCC,9,-7.544029712677002,-8.159399032592773,1724,-1,-1,-1
main,E4_sas_noise,0.2,NKP-RFF-MCC,10,-8.286882400512695,-8.787156105041504,1867,-1,-1,-1
main,E4_sas_noise,0.2,NKP-RFF-MCC,11,-8.503472328186035,-9.116765975952148,1650,-1,-1,-1
main,E4_sas_noise,0.2,NKP-RFF-MCC,12,-7.53565788269043,-8.064053535461426,1842,-1,-1,-1
main,E4_sas_noise,0.2,NKP-RFF-MCC,13,-7.77970552444458,-8.3035249710083,1616,-1,-1,-1
main,E4_sas_noise,0.2,NKP-RFF-MCC,14,-7.686097621917725,-8.331070899963379,2347,-1,-1,-1
main,E4_sas_noise,0.2,NKP-RFF-MCC,15,-6.9435882568359375,-7.809665679931641,2165,-1,-1,-1
main,E4_sas_noise,0.2,NKP-RFF-MCC,16,-7.711604595184326,-8.103080749511719,2484,-1,-1,-1
main,E4_sas_noise,0.2,NKP-RFF-MCC,17,-7.419850826263428,-8.170228958129883,2196,-1,-1,-1
main,E4_sas_noise,0.2,NKP-RFF-MCC,18,-7.721399307250977,-8.0565824508667,1803,-1,-1,-1
main,E4_sas_noise,0.2,NKP-RFF-MCC,19,-7.269887447357178,-7.975926876068115,1604,-1,-1,-1
main,E4_sas_noise,0.4,RFF-NLMS,0,-10.072294235229492,-10.711284637451172,665,6507,-1,-1
main,E4_sas_noise,0.4,RFF-NLMS,1,-9.600852012634277,-10.410037994384766,571,10152,-1,-1
main,E4_sas_noise,0.4,RFF-NLMS,2,-9.743857383728027,-10.36523723602295,689,13557,-1,-1
main,E4_sas_noise,0.4,RFF-NLMS,3,-10.437610626220703,-11.369488716125488,546,4036,-1,-1
main,E4_sas_noise,0.4,RFF-NLMS,4,-9.652791976928711,-10.233044624328613,564,16536,-1,-1
main,E4_sas_noise,0.4,RFF-NLMS,5,-10.230446815490723,-10.928799629211426,541,3918,-1,-1
main,E4_sas_noise,0.4,RFF-NLMS,6,-9.78396224975586,-10.878125190734863,515,10729,-1,-1
main,E4_sas_noise,0.4,RFF-NLMS,7,-10.010539054870605,-11.060759544372559,588,6159,-1,-1
main,E4_sas_noise,0.4,RFF-NLMS,8,-9.990972518920898,-10.525775909423828,671,9452,-1,-1
main,E4_sas_noise,0.4,RFF-NLMS,9,-9.997840881347656,-10.50122356414795,515,13211,-1,-1
main,E4_sas_noise,0.4,RFF-NLMS,10,-9.50918960571289,-10.528716087341309,593,21546,-1,-1
main,E4_sas_noise,0.4,RFF-NLMS,11,-10.035801887512207,-11.132160186767578,493,6028,-1,-1
main,E4_sas_noise,0.4,RFF-NLMS,12,-10.012394905090332,-10.951077461242676,580,15163,-1,-1
main,E4_sas_noise,0.4,RFF-NLMS,13,-9.645829200744629,-10.377067565917969,573,12776,-1,-1
main,E4_sas_noise,0.4,RFF-NLMS,14,-9.782140731811523,-10.424193382263184,609,14951,-1,-1
main,E4_sas_noise,0.4,RFF-NLMS,15,-10.403080940246582,-10.824681282043457,522,10468,-1,-1
main,E4_sas_noise,0.4,RFF-NLMS,16,-9.073099136352539,-10.69152545928955,568,4881,-1,-1
main,E4_sas_noise,0.4,RFF-NLMS,17,-9.316398620605469,-10.212841033935547,652,16840,-1,-1
main,E4_sas_noise,0.4,RFF-NLMS,18,-9.28747844696045,-10.058862686157227,628,18722,-1,-1
main,E4_sas_noise,0.4,RFF-NLMS,19,-10.435924530029297,-11.17470645904541,576,3577,-1,-1
main,E4_sas_noise,0.4,RFF-MCC,0,-10.404776573181152,-10.929947853088379,854,5946,-1,-1
main,E4_sas_noise,0.4,RFF-MCC,1,-9.9716157913208,-10.614363670349121,704,7148,-1,-1
main,E4_sas_noise,0.4,RFF-MCC,2,-10.094449996948242,-10.685677528381348,769,8400,-1,-1
main,E4_sas_noise,0.4,RFF-MCC,3,-10.884368896484375,-11.567863464355469,653,3994,-1,-1
main,E4_sas_noise,0.4,RFF-MCC,4,-10.221721649169922,-10.661247253417969,738,7963,-1,-1
main,E4_sas_noise,0.4,RFF-MCC,5,-10.59418773651123,-11.234289169311523,718,3836,-1,-1
main,E4_sas_noise,0.4,RFF-MCC,6,-10.3402681350708,-11.186079978942871,665,6985,-1,-1
main,E4_sas_noise,0.4,RFF-MCC,7,-10.321534156799316,-11.16408920288086,746,5031,-1,-1
main,E4_sas_noise,0.4,RFF-MCC,8,-10.200200080871582,-10.686301231384277,867,9043,-1,-1
main,E4_sas_noise,0.4,RFF-MCC,9,-10.20335578918457,-10.643378257751465,682,7384,-1,-1
main,E4_sas_noise,0.4,RFF-MCC,10,-9.73446273803711,-10.823060035705566,824,17038,-1,-1
main,E4_sas_noise,0.4,RFF-MCC,11,-10.631217956542969,-11.266661643981934,866,4868,-1,-1
main,E4_sas_noise,0.4,RFF-MCC,12,-10.235991477966309,-11.141307830810547,826,8846,-1,-1
main,E4_sas_noise,0.4,RFF-MCC,13,-10.005632400512695,-10.60155963897705,708,12038,-1,-1
main,E4_sas_noise,0.4,RFF-MCC,14,-10.248960494995117,-10.837446212768555,712,5835,-1,-1
main,E4_sas_noise,0.4,RFF-MCC,15,-10.681586265563965,-11.070988655090332,738,6961,-1,-1
main,E4_sas_noise,0.4,RFF-MCC,16,-10.492773056030273,-10.973885536193848,710,4773,-1,-1
main,E4_sas_noise,0.4,RFF-MCC,17,-9.913278579711914,-10.395132064819336,867,9559,-1,-1
main,E4_sas_noise,0.4,RFF-MCC,18,-9.56953239440918,-10.253471374511719,829,17658,-1,-1
main,E4_sas_noise,0.4,RFF-MCC,19,-10.837076187133789,-11.423044204711914,637,3561,-1,-1
main,E4_sas_noise,0.4,RFF-MCC-180,0,-7.148276329040527,-7.752642631530762,1290,-1,-1,-1
main,E4_sas_noise,0.4,RFF-MCC-180,1,-6.855240821838379,-7.786388874053955,905,-1,-1,-1
main,E4_sas_noise,0.4,RFF-MCC-180,2,-6.492425918579102,-7.171543598175049,1290,-1,-1,-1
main,E4_sas_noise,0.4,RFF-MCC-180,3,-7.781469345092773,-8.36970043182373,853,-1,-1,-1
main,E4_sas_noise,0.4,RFF-MCC-180,4,-6.304171085357666,-6.8212571144104,2002,-1,-1,-1
main,E4_sas_noise,0.4,RFF-MCC-180,5,-7.4017438888549805,-8.238529205322266,1443,-1,-1,-1
main,E4_sas_noise,0.4,RFF-MCC-180,6,-6.553448677062988,-7.18720006942749,1138,-1,-1,-1
main,E4_sas_noise,0.4,RFF-MCC-180,7,-6.876428127288818,-7.542491436004639,1305,-1,-1,-1
main,E4_sas_noise,0.4,RFF-MCC-180,8,-6.009129047393799,-6.635129928588867,2403,-1,-1,-1
main,E4_sas_noise,0.4,RFF-MCC-180,9,-6.729556083679199,-7.234948635101318,911,-1,-1,-1
main,E4_sas_noise,0.4,RFF-MCC-180,10,-7.317829608917236,-8.256887435913086,1002,-1,-1,-1
main,E4_sas_noise,0.4,RFF-MCC-180,11,-7.577393054962158,-8.14825439453125,1303,-1,-1,-1
main,E4_sas_noise,0.4,RFF-MCC-180,12,-7.093647480010986,-7.916242599487305,986,-1,-1,-1
main,E4_sas_noise,0.4,RFF-MCC-180,13,-6.705031394958496,-7.258500576019287,1164,-1,-1,-1
main,E4_sas_noise,0.4,RFF-MCC-180,14,-6.74796724319458,-7.230030059814453,986,-1,-1,-1
main,E4_sas_noise,0.4,RFF-MCC-180,15,-8.214020729064941,-8.604212760925293,1297,-1,-1,-1
main,E4_sas_noise,0.4,RFF-MCC-180,16,-7.669042110443115,-8.36236572265625,1040,-1,-1,-1
main,E4_sas_noise,0.4,RFF-MCC-180,17,-5.944708824157715,-6.390286445617676,1883,-1,-1,-1
main,E4_sas_noise,0.4,RFF-MCC-180,18,-6.4787373542785645,-7.004114627838135,1155,-1,-1,-1
main,E4_sas_noise,0.4,RFF-MCC-180,19,-7.836289882659912,-8.399620056152344,794,-1,-1,-1
main,E4_sas_noise,0.4,NKP-RFF-MCC,0,-7.767935752868652,-8.305521011352539,1773,-1,-1,-1
main,E4_sas_noise,0.4,NKP-RFF-MCC,1,-7.361971855163574,-7.953886032104492,1302,-1,-1,-1
main,E4_sas_noise,0.4,NKP-RFF-MCC,2,-7.270251750946045,-7.7172017097473145,972,-1,-1,-1
main,E4_sas_noise,0.4,NKP-RFF-MCC,3,-8.314006805419922,-8.783278465270996,1342,-1,-1,-1
main,E4_sas_noise,0.4,NKP-RFF-MCC,4,-7.72166109085083,-8.104106903076172,1482,-1,-1,-1
main,E4_sas_noise,0.4,NKP-RFF-MCC,5,-7.845524787902832,-8.286308288574219,1546,-1,-1,-1
main,E4_sas_noise,0.4,NKP-RFF-MCC,6,-7.929250717163086,-8.75526237487793,816,-1,-1,-1
main,E4_sas_noise,0.4,NKP-RFF-MCC,7,-7.398281097412109,-8.004488945007324,1257,-1,-1,-1
main,E4_sas_noise,0.4,NKP-RFF-MCC,8,-7.675062656402588,-8.080650329589844,1470,-1,-1,-1
main,E4_sas_noise,0.4,NKP-RFF-MCC,9,-7.664891242980957,-8.157747268676758,1622,-1,-1,-1
main,E4_sas_noise,0.4,NKP-RFF-MCC,10,-7.247996807098389,-8.152383804321289,1313,-1,-1,-1
main,E4_sas_noise,0.4,NKP-RFF-MCC,11,-7.7961297035217285,-8.282602310180664,1593,-1,-1,-1
main,E4_sas_noise,0.4,NKP-RFF-MCC,12,-7.364422798156738,-8.335977554321289,1270,-1,-1,-1
main,E4_sas_noise,0.4,NKP-RFF-MCC,13,-7.472543716430664,-8.16808032989502,2087,-1,-1,-1
main,E4_sas_noise,0.4,NKP-RFF-MCC,14,-7.7346343994140625,-8.23666763305664,2021,-1,-1,-1
main,E4_sas_noise,0.4,NKP-RFF-MCC,15,-8.086593627929688,-8.561820983886719,1229,-1,-1,-1
main,E4_sas_noise,0.4,NKP-RFF-MCC,16,-7.564646244049072,-8.120359420776367,1125,-1,-1,-1
main,E4_sas_noise,0.4,NKP-RFF-MCC,17,-7.207148551940918,-7.552299976348877,2422,-1,-1,-1
main,E4_sas_noise,0.4,NKP-RFF-MCC,18,-6.553697109222412,-7.084407806396484,1261,-1,-1,-1
main,E4_sas_noise,0.4,NKP-RFF-MCC,19,-7.942320346832275,-8.464181900024414,1173,-1,-1,-1
main,E4_sas_noise,0.8,RFF-NLMS,0,-8.272835731506348,-9.300802230834961,331,-1,-1,-1
main,E4_sas_noise,0.8,RFF-NLMS,1,-7.6892266273498535,-8.23019790649414,601,-1,-1,-1
main,E4_sas_noise,0.8,RFF-NLMS,2,-7.599682807922363,-8.516072273254395,388,-1,-1,-1
main,E4_sas_noise,0.8,RFF-NLMS,3,-7.72902250289917,-8.62632942199707,555,-1,-1,-1
main,E4_sas_noise,0.8,RFF-NLMS,4,-7.578557014465332,-8.653753280639648,430,-1,-1,-1
main,E4_sas_noise,0.8,RFF-NLMS,5,-8.250414848327637,-9.329878807067871,445,-1,-1,-1
main,E4_sas_noise,0.8,RFF-NLMS,6,-6.819876670837402,-8.275278091430664,699,-1,-1,-1
main,E4_sas_noise,0.8,RFF-NLMS,7,-8.132342338562012,-8.782642364501953,497,-1,-1,-1
main,E4_sas_noise,0.8,RFF-NLMS,8,-8.730427742004395,-9.639945983886719,331,-1,-1,-1
main,E4_sas_noise,0.8,RFF-NLMS,9,-7.551095962524414,-8.656373977661133,451,-1,-1,-1
main,E4_sas_noise,0.8,RFF-NLMS,10,-8.188128471374512,-8.938763618469238,682,-1,-1,-1
main,E4_sas_noise,0.8,RFF-NLMS,11,-8.067475318908691,-8.844935417175293,420,-1,-1,-1
main,E4_sas_noise,0.8,RFF-NLMS,12,-7.973785877227783,-8.968576431274414,534,-1,-1,-1
main,E4_sas_noise,0.8,RFF-NLMS,13,-8.314586639404297,-9.453706741333008,351,-1,-1,-1
main,E4_sas_noise,0.8,RFF-NLMS,14,-8.209304809570312,-8.73455810546875,327,-1,-1,-1
main,E4_sas_noise,0.8,RFF-NLMS,15,-8.16583251953125,-8.77289867401123,521,-1,-1,-1
main,E4_sas_noise,0.8,RFF-NLMS,16,-8.24863338470459,-9.031249046325684,415,-1,-1,-1
main,E4_sas_noise,0.8,RFF-NLMS,17,-8.15339183807373,-8.778983116149902,492,-1,-1,-1
main,E4_sas_noise,0.8,RFF-NLMS,18,-2.100254774093628,-8.516270637512207,555,-1,-1,-1
main,E4_sas_noise,0.8,RFF-NLMS,19,-8.659443855285645,-9.423201560974121,472,-1,-1,-1
main,E4_sas_noise,0.8,RFF-MCC,0,-9.016624450683594,-9.858482360839844,416,-1,-1,-1
main,E4_sas_noise,0.8,RFF-MCC,1,-8.595470428466797,-9.038887023925781,623,-1,-1,-1
main,E4_sas_noise,0.8,RFF-MCC,2,-8.391852378845215,-9.094392776489258,533,-1,-1,-1
main,E4_sas_noise,0.8,RFF-MCC,3,-8.234200477600098,-9.158960342407227,603,-1,-1,-1
main,E4_sas_noise,0.8,RFF-MCC,4,-8.61144733428955,-9.164314270019531,507,-1,-1,-1
main,E4_sas_noise,0.8,RFF-MCC,5,-8.942473411560059,-9.824559211730957,493,-1,-1,-1
main,E4_sas_noise,0.8,RFF-MCC,6,-8.543456077575684,-9.194751739501953,637,-1,-1,-1
main,E4_sas_noise,0.8,RFF-MCC,7,-8.684479713439941,-9.320438385009766,540,-1,-1,-1
main,E4_sas_noise,0.8,RFF-MCC,8,-9.50436782836914,-10.274321556091309,502,27439,-1,-1
main,E4_sas_noise,0.8,RFF-MCC,9,-8.17508316040039,-9.160037994384766,552,-1,-1,-1
main,E4_sas_noise,0.8,RFF-MCC,10,-8.826913833618164,-9.660720825195312,688,-1,-1,-1
main,E4_sas_noise,0.8,RFF-MCC,11,-8.966621398925781,-9.501235008239746,462,-1,-1,-1
main,E4_sas_noise,0.8,RFF-MCC,12,-8.722648620605469,-9.524212837219238,564,-1,-1,-1
main,E4_sas_noise,0.8,RFF-MCC,13,-9.08763313293457,-9.95090103149414,452,-1,-1,-1
main,E4_sas_noise,0.8,RFF-MCC,14,-8.787789344787598,-9.299382209777832,456,-1,-1,-1
main,E4_sas_noise,0.8,RFF-MCC,15,-9.064698219299316,-9.601448059082031,612,-1,-1,-1
main,E4_sas_noise,0.8,RFF-MCC,16,-9.000187873840332,-9.658348083496094,502,-1,-1,-1
main,E4_sas_noise,0.8,RFF-MCC,17,-8.786018371582031,-9.311286926269531,573,-1,-1,-1
main,E4_sas_noise,0.8,RFF-MCC,18,-8.175345420837402,-9.099413871765137,644,-1,-1,-1
main,E4_sas_noise,0.8,RFF-MCC,19,-9.350698471069336,-10.005706787109375,565,28564,-1,-1
main,E4_sas_noise,0.8,RFF-MCC-180,0,-5.528559684753418,-6.585569858551025,807,-1,-1,-1
main,E4_sas_noise,0.8,RFF-MCC-180,1,-5.005573749542236,-5.3438801765441895,4744,-1,-1,-1
main,E4_sas_noise,0.8,RFF-MCC-180,2,-4.9221625328063965,-5.811359882354736,5785,-1,-1,-1
main,E4_sas_noise,0.8,RFF-MCC-180,3,-5.703438758850098,-6.825957298278809,1276,-1,-1,-1
main,E4_sas_noise,0.8,RFF-MCC-180,4,-5.169877529144287,-5.984377384185791,1115,-1,-1,-1
main,E4_sas_noise,0.8,RFF-MCC-180,5,-4.653039455413818,-5.805263519287109,2238,-1,-1,-1
main,E4_sas_noise,0.8,RFF-MCC-180,6,-5.945493221282959,-6.466345310211182,1360,-1,-1,-1
main,E4_sas_noise,0.8,RFF-MCC-180,7,-5.227701187133789,-5.842370986938477,4154,-1,-1,-1
main,E4_sas_noise,0.8,RFF-MCC-180,8,-6.251121997833252,-6.847436428070068,1005,-1,-1,-1
main,E4_sas_noise,0.8,RFF-MCC-180,9,-5.8775858879089355,-6.886473655700684,992,-1,-1,-1
main,E4_sas_noise,0.8,RFF-MCC-180,10,-5.05996561050415,-5.67792272567749,2521,-1,-1,-1
main,E4_sas_noise,0.8,RFF-MCC-180,11,-5.811929702758789,-6.514075756072998,793,-1,-1,-1
main,E4_sas_noise,0.8,RFF-MCC-180,12,-4.387962341308594,-4.914581298828125,-1,-1,-1,-1
main,E4_sas_noise,0.8,RFF-MCC-180,13,-5.280458927154541,-6.2848615646362305,2928,-1,-1,-1
main,E4_sas_noise,0.8,RFF-MCC-180,14,-4.867013931274414,-5.369501113891602,4488,-1,-1,-1
main,E4_sas_noise,0.8,RFF-MCC-180,15,-4.9755024909973145,-5.462439060211182,5288,-1,-1,-1
main,E4_sas_noise,0.8,RFF-MCC-180,16,-5.516129970550537,-6.249554634094238,880,-1,-1,-1
main,E4_sas_noise,0.8,RFF-MCC-180,17,-5.035459995269775,-5.68875789642334,2601,-1,-1,-1
main,E4_sas_noise,0.8,RFF-MCC-180,18,-4.968900680541992,-5.627045154571533,3026,-1,-1,-1
main,E4_sas_noise,0.8,RFF-MCC-180,19,-5.672818183898926,-6.439129829406738,1786,-1,-1,-1
main,E4_sas_noise,0.8,NKP-RFF-MCC,0,-6.734884262084961,-7.938741683959961,2093,-1,-1,-1
main,E4_sas_noise,0.8,NKP-RFF-MCC,1,-6.232848644256592,-6.713674068450928,3727,-1,-1,-1
main,E4_sas_noise,0.8,NKP-RFF-MCC,2,-5.765182018280029,-6.381109714508057,4108,-1,-1,-1
main,E4_sas_noise,0.8,NKP-RFF-MCC,3,-5.854052543640137,-6.820822238922119,2746,-1,-1,-1
main,E4_sas_noise,0.8,NKP-RFF-MCC,4,-6.103075981140137,-7.117786884307861,1283,-1,-1,-1
main,E4_sas_noise,0.8,NKP-RFF-MCC,5,-6.265710353851318,-7.259599208831787,2087,-1,-1,-1
main,E4_sas_noise,0.8,NKP-RFF-MCC,6,-5.982065677642822,-6.656284809112549,2837,-1,-1,-1
main,E4_sas_noise,0.8,NKP-RFF-MCC,7,-5.838992118835449,-6.493139743804932,2490,-1,-1,-1
main,E4_sas_noise,0.8,NKP-RFF-MCC,8,-6.996073246002197,-7.841005802154541,1942,-1,-1,-1
main,E4_sas_noise,0.8,NKP-RFF-MCC,9,-5.874983787536621,-6.6782636642456055,2895,-1,-1,-1
main,E4_sas_noise,0.8,NKP-RFF-MCC,10,-6.300378322601318,-6.901234149932861,3241,-1,-1,-1
main,E4_sas_noise,0.8,NKP-RFF-MCC,11,-6.3649001121521,-7.048207759857178,1792,-1,-1,-1
main,E4_sas_noise,0.8,NKP-RFF-MCC,12,-6.278965950012207,-6.8901777267456055,1165,-1,-1,-1
main,E4_sas_noise,0.8,NKP-RFF-MCC,13,-6.311742782592773,-7.266697883605957,2130,-1,-1,-1
main,E4_sas_noise,0.8,NKP-RFF-MCC,14,-5.962837219238281,-6.468071937561035,3123,-1,-1,-1
main,E4_sas_noise,0.8,NKP-RFF-MCC,15,-6.885227203369141,-7.321898460388184,2918,-1,-1,-1
main,E4_sas_noise,0.8,NKP-RFF-MCC,16,-6.595088958740234,-7.172267913818359,1830,-1,-1,-1
main,E4_sas_noise,0.8,NKP-RFF-MCC,17,-6.161747455596924,-6.563190460205078,3121,-1,-1,-1
main,E4_sas_noise,0.8,NKP-RFF-MCC,18,-6.023111820220947,-6.80800199508667,2095,-1,-1,-1
main,E4_sas_noise,0.8,NKP-RFF-MCC,19,-6.300104141235352,-6.974251747131348,2130,-1,-1,-1
